Workbook

Sheet 네트워크
A1: 어필리에이트 네트워크 컨택 리스트 (2026-10-19)
A2: 회사 자기소개 · 디렉터리 요약 기준 — 규모 · 크립토 정책은 원문 대조 전, 대외 인용 금지. 사람 이름 · 연락처는 넣지 않는다. 상태 칸은 목록에서 고른다.
A4: 순위 | B4: 회사 | C4: 지역 | D4: 경로 | E4: 왜 유력 | F4: 걸리는 것 | G4: 링크드인에서 찾을 직함 | H4: 상태 | I4: 다음 할 일
A5: 1 | B5: impact.com | C5: 전 세계 | D5: 플랫폼(우리 프로그램) | E5: 크립토 브랜드 선례 — Kraken 이 매체 · 어필리에이트 트랙을 impact.com 에서 운영(법정화폐 지급). 나라 · 퍼블리셔를 우리가 고른다 | F5: 플랫폼 비용 · 크립토 연관 광고주 심사 | G5: Partnerships / Strategic Accounts — APAC | H5: 미접촉 | I5: 배송 국가 정한 뒤 데모 요청
A6: 2 | B6: Involve Asia | C6: 동남아(쿠알라룸푸르) | D6: 네트워크 | E6: Trezor(하드웨어 지갑) 프로그램이 이 네트워크로도 돈다 — 크립토 연관 하드웨어 선례 | F6: 동남아 배송 국가 | G6: Head of Partnerships · Advertiser BD · Country Manager | H6: 미접촉 | I6: 링크드인 직함 찾기
A7: 3 | B7: vCommission | C7: 인도 · 싱가포르 · UAE · 영국 · 미국 | D7: 네트워크 | E7: 성과형만 · 가입비 없음 · 크립토 업종 언급 · Adways 계열 · 퍼블리셔 쪽 직원(Disha)이 광고주 팀 연결 제안 | F7: 크립토 광고주 정책 문서 없음 · 인도 배송 · 정산 통화(기본 INR) | G7: Director · Advertiser BD | H7: 진행 중 | I7: Disha 메일 주소 받으면 광고주 정보 메일 발송(질문 5 포함)
A8: 4 | B8: Optimise Media | C8: 싱가포르 · 인도네시아 · 홍콩 · 베트남 · 필리핀 · 영국 | D8: 네트워크 | E8: 싱가포르 거점(우리 법인과 같은 도시) · 아시아 다국가 | F8: 크립토 정책 미확인 · 사무소 정보 2019 기준 | G8: Client Partnerships · Advertiser Sales | H8: 미접촉 | I8: vCommission 결과 보고 2순위로
A9: 5 | B9: ACCESSTRADE | C9: 일본 · 동남아 | D9: 네트워크 | E9: 일본 · 말레이 · 베트남 · 인도네시아 강세 · 일본 확장 때 그대로 | F9: 일본은 전파법 인증(기기) 전 캠페인 0 | G9: Global BD · Advertiser Sales | H9: 미접촉 | I9: 일본 인증 상태 확인 뒤
A10: 6 | B10: Awin · Commission Factory(APAC) | C10: 유럽 · 미국 · 호주 · 뉴질랜드 · 동남아(CF 말레이 · 싱가포르 사무소) | D10: 네트워크 | E10: 실물 상품 광고주에 강함 · 대형 퍼블리셔 풀 · CF = 2011 호주 설립, Awin 2020.9 전량 인수, 브랜드 600+(2020 자체) | F10: 크립토 연관 심사 보수적일 가능성 · 유럽 기기 인증(CE/RED) · 호주 · 뉴질랜드 배송 · 기기 인증(RCM 여부 확인) | G10: Enterprise Commercial · Strategic Partnerships(광고주 쪽) | H10: 미접촉 | I10: CF 광고주 쪽 공개 직함 2명에 1촌 메모(10/20 초안 295자) — vCommission 메일 뒤
A11: 7 | B11: A8.net · ValueCommerce | C11: 일본 | D11: 네트워크 | E11: A8 광고주 대시보드 영문 · 광고주 2.7만(자체) · ValueCommerce 해외 광고주 일본 진출 이력 | F11: 일본 법인 · 세무 요건 미확인 · 전파법 인증 | G11: Global / Overseas Sales | H11: 미접촉 | I11: 일본 인증 상태 확인 뒤
A12: 8 | B12: Admitad | C12: 전 세계(인도 · 중동 · 동유럽) | D12: 네트워크 | E12: 다국가 · 크립토 지갑 지급 옵션(디렉터리) · Rakshit 전 직장 | F12: 본사 정보 자료마다 다름 · 퍼블리셔 지급 지연 후기 | G12: Advertiser BD · Country Manager | H12: 미접촉 | I12: 보류 — vCommission 결과 뒤
A13: 9 | B13: Ecomobi | C13: 베트남 · 필리핀 · 태국 · 말레이 · 인니 | D13: 네트워크(크리에이터) | E13: 크리에이터 · 퍼블리셔 100만+(자체) · 핀테크 확장 계획 | F13: 라자다 등 마켓 중심 — 자체 결제 · 지갑 결제와 결 약함 | G13: Brand Partnerships | H13: 미접촉 | I13: 후순위
A14: 10 | B14: ArabClicks | C14: UAE · 사우디(GCC) | D14: 네트워크 | E14: 두바이 성과형 · 판매 완료만 지급 | F14: UAE 가상자산 마케팅 규정 · 배송 | G14: Advertiser Partnerships | H14: 미접촉 | I14: 후순위
A15: 11 | B15: Fuul | C15: 크립토(EVM · Solana) | D15: 온체인 레퍼럴 | E15: 크립토 네이티브 레퍼럴 인프라 · 스텔라 확장 추진 이력 → XRPL 확장 대화 각도 | F15: XRPL 미지원 — 지금 바로 못 씀 | G15: Co-founder · BD | H15: 미접촉 | I15: XRPL 계획 물어보는 정도
A16: 12 | B16: Galxe | C16: 크립토 | D16: 퀘스트 · 커뮤니티 | E16: 지갑 온보딩 · 커뮤니티 퀘스트(판매 어필리에이트 아님) | F16: 에어드롭 사냥 청중 — 기기 판매 전환 약함 | G16: Partnerships · Ecosystem | H16: 보류 | I16: 판매 경로 아님 — 커뮤니티 행사 때만
... A18: 14 | B18: 애드픽(오드엠) | C18: 국내 | D18: 성과형 인플루언서 커머스 | E18: 성과형 인플루언서 커머스 · 쇼핑메이트 연간 판매 1,200억(2023) | F18: 링크프라이스와 같음 | G18: 커머스 · 광고주 제휴 | H18: 미접촉 | I18: 링크프라이스와 함께 검토

Sheet 사람
A1: 어필리에이트 쪽 사람 (2026-10-19)
A2: 공개 직함 · 소속 · 판정만. 메일 · 전화 · 프로필 주소는 적지 않는다. 회사당 레인이 다른 2명까지(playbook).
A4: 이름 | B4: 회사 | C4: 직함 · 레인 | D4: 지역 | E4: 촌수 | F4: 상태 | G4: 다음 할 일 | H4: 메모
A5: Disha Sharma | B5: vCommission | C5: 어필리에이트(퍼블리셔) 쪽 팀 — 광고주 팀 연결 창구 | D5: 인도 솔란 | E5: 1촌 | F5: 진행 중 | G5: 메일 주소 받으면 광고주 정보 메일 발송 | H5: 10/17 첫 제안 → 10/19 서우 발송판에 ROI 문장 → 링크드인 답 · 메일에서 철회. 링크드인 경력란엔 소속 없음
A6: Rakshit Ahuja | B6: vCommission | C6: Director(2026-09~) — 광고주 쪽 결정권 레인 · 전 Admitad India 네트워크 총괄 | D6: 인도 구루그람 | E6: 2촌 · 팔로우 중 | F6: 1촌 대기 | G6: 1촌 요청(메모 298자) · 수락 시 「Disha 통해 광고주 팀과 이야기 중」 한 줄만 | H6: 통화 요청 후속은 보류 — 한 회사 두 창구 금지
A7: Himanshi Kasnia | B7: vCommission | C7: Executive(2026-09~) — 퍼블리셔 모집 · 온보딩 | D7: 인도 모할리 | E7: 2촌 | F7: 1촌 대기 | G7: 수락 시 1촌 인사 기본값만 | H7: Disha 와 공통 1촌 · 사업 이야기는 광고주 경로가 열린 뒤
A8: Hamza Jangda | B8: 개인 퍼블리셔(Awin · vCommission · PartnerBoost 등 등록) | C8: 퍼블리셔 | D8: UAE 두바이 | E8: 3촌 | F8: 보류 | G8: 네트워크에 들어가면 그쪽으로 따라옴 | H8: 개인 직접 계약 = 추적 · 부정 방지 · 지급 부담 · UAE 가상자산 마케팅 규정

Sheet 우리 준비
A1: 네트워크에 가기 전 우리가 갖출 것
A2: 없으면 심사에서 떨어지거나 첫인상만 쓴다. vCommission 메일의 질문 1~5 와 짝.
A4: 항목 | B4: 왜 | C4: 누가 | D4: 상태 | E4: 메모
A5: 배송 국가 목록 | B5: 네트워크 순위가 이걸로 갈린다 | C5: 서우 · 경영진 | D5: 미정 | E5: 메일은 「주문 전 세계 · 나라별 배송 열리는 대로」로 씀
A6: 판매 추적 — 클릭 ID → 포스트백(S2S) | B6: 네트워크 퍼블리셔 수천 명 귀속(링크프라이스 실적 전송과 같은 작업) | C6: 개발 | D6: 확인 중 | E6: 지금은 파트너별 결제 링크만
A7: 쿠폰 코드 귀속 | B7: 30% 중 구매자 할인 몫을 나누려면 필요 | C7: 개발 · 네트워크 | D7: 확인 중 | E7: vCommission 질문 4
A8: 해외 카드 결제 | B8: RLUSD 만이면 전환 낮음 | C8: 개발 · 경영진 | D8: 미정
A9: 네트워크 정산 통화 · 주기 | B9: 네트워크는 보통 법정화폐 월 인보이스(vCommission 기본 INR) | C9: 경영진 | D9: 확인 중 | E9: vCommission 질문 3
A10: 네트워크 수수료 포함 여부 | B10: 우리가 정한 요율 안에서 떼는지, 위에 붙는지 = 실제 비용 | C10: 네트워크 | D10: 확인 중 | E10: vCommission 질문 1
A11: 쿠키 기간 · 검증 기간 | B11: 환불 기간과 맞춰야 함(보통 쿠키 14~30일) | C11: 서우 | D11: 미정 | E11: 메일엔 「협의」
A12: 크리에이티브 가이드 | B12: 수익 · ROI · 회수 기간 · 토큰 가격 0 · 광고 표시 · 사전 승인 | C12: 서우 | D12: 완료 | E12: vCommission 메일에 5개 조항
A13: 미배송 국가 구매자 고지 · 환불/대체 원칙 | B13: 배송 전 NFT 적립만 남는 판매 = 적립권으로 읽힘 | C13: 경영진 · 카운슬 | D13: 미정 | E13: 결제 전 고지 문구 필요
A14: 사업자 상한 | B14: 판매 1인 10장 vs 백서 사업자 50(정본 §7 S) | C14: 경영진 | D14: 미정
A15: 요율 기준 | B15: 순매출 최대 30% — 할인 · 커미션 유연 배분 + 판매량 구간 추가 예정 | C15: 서우 | D15: 완료 | E15: 10/19 결정 · KOL 에도 같은 기준인지 미정
A16: 영문 랜딩 · 덱 | B16: 네트워크 심사 자료 | C16: 서우 | D16: 보류 | E16: 10/19 「당장은 wellbian.io 보라」

Sheet 참고 요율
A1: 참고 요율 — 컨택 대상 아님
A2: 디렉터리 수치는 오래됐을 수 있다. 우리 30% 는 하드웨어 기준으로 낮지 않다.
A4: 프로그램 | B4: 요율 | C4: 방식 | D4: 출처
A5: Airthings(공기질 측정기) | B5: 25% | C5: 자체 프로그램 · 집주인을 직접 만나는 점검 · 시공 업자 대상 | D5: 공식 페이지
A6: Ledger(하드웨어 지갑) | B6: 약 10% | C6: 자체 운영 · 크립토 지급 | D6: 디렉터리
A7: Trezor(하드웨어 지갑) | B7: 12~15% | C7: 자체 + Involve Asia | D7: 디렉터리
A8: Kraken(거래소) | B8: 최대 50% | C8: 크리에이터 직접(USDC) + impact.com(법정화폐) — 거래소라 비교 대상 아님 | D8: 공식 페이지
A9: wellbian(우리) | B9: 최대 30% | C9: 할인 · 커미션 유연 배분 + 판매량 구간 추가 예정 | D9: 10/19 서우 결정

Sheet 요약
A1: 상태별 개수
A3: 상태 | B3: 네트워크 | C3: 사람 | D3: 우리 준비
A4: 진행 중 | B4: =COUNTIF(네트워크!$H$5:$H$18,$A4) -> 1 | C4: =COUNTIF(사람!$F$5:$F$8,$A4) -> 1 | D4: =COUNTIF('우리 준비'!$D$5:$D$16,$A4) -> 0
A5: 1촌 대기 | B5: =COUNTIF(네트워크!$H$5:$H$18,$A5) -> 0 | C5: =COUNTIF(사람!$F$5:$F$8,$A5) -> 2 | D5: =COUNTIF('우리 준비'!$D$5:$D$16,$A5) -> 0
A6: 미접촉 | B6: =COUNTIF(네트워크!$H$5:$H$18,$A6) -> 12 | C6: =COUNTIF(사람!$F$5:$F$8,$A6) -> 0 | D6: =COUNTIF('우리 준비'!$D$5:$D$16,$A6) -> 0
A7: 보류 | B7: =COUNTIF(네트워크!$H$5:$H$18,$A7) -> 1 | C7: =COUNTIF(사람!$F$5:$F$8,$A7) -> 1 | D7: =COUNTIF('우리 준비'!$D$5:$D$16,$A7) -> 1
A8: 제외 | B8: =COUNTIF(네트워크!$H$5:$H$18,$A8) -> 0 | C8: =COUNTIF(사람!$F$5:$F$8,$A8) -> 0 | D8: =COUNTIF('우리 준비'!$D$5:$D$16,$A8) -> 0
A9: 완료 | B9: =COUNTIF(네트워크!$H$5:$H$18,$A9) -> 0 | C9: =COUNTIF(사람!$F$5:$F$8,$A9) -> 0 | D9: =COUNTIF('우리 준비'!$D$5:$D$16,$A9) -> 2
A10: 미정 | B10: =COUNTIF(네트워크!$H$5:$H$18,$A10) -> 0 | C10: =COUNTIF(사람!$F$5:$F$8,$A10) -> 0 | D10: =COUNTIF('우리 준비'!$D$5:$D$16,$A10) -> 5
A11: 확인 중 | B11: =COUNTIF(네트워크!$H$5:$H$18,$A11) -> 0 | C11: =COUNTIF(사람!$F$5:$F$8,$A11) -> 0 | D11: =COUNTIF('우리 준비'!$D$5:$D$16,$A11) -> 4
A12: 합계 | B12: =SUM(B4:B11) -> 14 | C12: =SUM(C4:C11) -> 4 | D12: =SUM(D4:D11) -> 12
A14: 상태 칸을 바꾸면 자동으로 다시 센다.
