Workbook

Sheet 가정
A1: AI 이용권 원금 회수 · 적립 환산 시트 — 가정
A2: 내부 검토용 · 대외 배포 · 고객 안내 금지. WLBN 가격은 가정(전망 아님). 지급 수량 · 가치는 사이트 약관상 비보장.
A3: 항목 | B3: 값 | C3: 근거
A4: 정가 (RLUSD ≈ USD) | B4: 380 | C4: 사이트 상품 페이지(정본 §4-1)
A5: 할인율 | B5: 0.3 | C5: 서우 지정(10/15)
A6: 구매가 | B6: =B4*(1-B5) -> 266 | C6: 정가 × (1 − 할인율)
A7: 일 지급 (WLBN / 장) | B7: 5 | C7: 정본 §4-1
A8: 지급 기간 (일) | B8: 1095 | C8: 정본 §4-1 — 발급일 기준 3년
A9: 월 평균 일수 | B9: =365/12 -> 30.416667 | C9: 1년 365일 ÷ 12
A10: 월 지급 (WLBN / 장) | B10: =B7*B9 -> 152.08333 | C10: 일 지급 × 월 평균 일수
A11: 3년 누적 지급 (WLBN / 장) | B11: =B7*B8 -> 5475 | C11: 5,475 = 정본 장당 누적
A13: WLBN 가격 시나리오 (USD / WLBN)
A14: 시나리오 A | B14: 0.5 | C14: 서우 지정 구간(가정)
A15: 시나리오 B | B15: 1 | C15: 서우 지정 구간(가정)
A16: 시나리오 C | B16: 1.5 | C16: 서우 지정 구간(가정)
A17: 시나리오 D | B17: 2 | C17: 서우 지정 구간(가정)
A18: 참고: 10/14 AMM 풀 가격 | B18: 0.460535 | C18: XRPL 탐색기 RLUSD/WLBN 풀 화면(10/14) — 비교용, 시나리오 아님
A20: 노란 칸만 바꾸면 다른 시트가 따라 바뀝니다.

Sheet 요약
A1: 가격 구간별 원금 회수 · 적립 환산 (장당)
A2: 내부 검토용 · 대외 배포 금지. 「환산액」 = 적립 WLBN × 가정 가격. 실제로 그 가격에 팔 수 있다는 뜻이 아님(「현실 점검」 시트).
A3: 항목 | B3: 참고(10/14 풀) | C3: A | D3: B | E3: C | F3: D
A4: WLBN 가격 (USD) | B4: =가정!$B$18 -> 0.460535 | C4: =가정!$B$14 -> 0.5 | D4: =가정!$B$15 -> 1 | E4: =가정!$B$16 -> 1.5 | F4: =가정!$B$17 -> 2
A5: 구매가 (USD) | B5: =가정!$B$6 -> 266 | C5: =가정!$B$6 -> 266 | D5: =가정!$B$6 -> 266 | E5: =가정!$B$6 -> 266 | F5: =가정!$B$6 -> 266
A6: 일 적립 환산 (USD) | B6: =가정!$B$7*가정!$B$18 -> 2.302675 | C6: =가정!$B$7*가정!$B$14 -> 2.5 | D6: =가정!$B$7*가정!$B$15 -> 5 | E6: =가정!$B$7*가정!$B$16 -> 7.5 | F6: =가정!$B$7*가정!$B$17 -> 10
A7: 월 적립 환산 (USD) | B7: =가정!$B$10*가정!$B$18 -> 70.039698 | C7: =가정!$B$10*가정!$B$14 -> 76.041667 | D7: =가정!$B$10*가정!$B$15 -> 152.08333 | E7: =가정!$B$10*가정!$B$16 -> 228.125 | F7: =가정!$B$10*가정!$B$17 -> 304.16667
A8: 원금 회수 (일) | B8: =IFERROR(가정!$B$6/(가정!$B$7*가정!$B$18),"-") -> 115.51782 | C8: =IFERROR(가정!$B$6/(가정!$B$7*가정!$B$14),"-") -> 106.4 | D8: =IFERROR(가정!$B$6/(가정!$B$7*가정!$B$15),"-") -> 53.2 | E8: =IFERROR(가정!$B$6/(가정!$B$7*가정!$B$16),"-") -> 35.466667 | F8: =IFERROR(가정!$B$6/(가정!$B$7*가정!$B$17),"-") -> 26.6
A9: 원금 회수 (개월) | B9: =IFERROR(가정!$B$6/(가정!$B$7*가정!$B$18)/가정!$B$9,"-") -> 3.7978462 | C9: =IFERROR(가정!$B$6/(가정!$B$7*가정!$B$14)/가정!$B$9,"-") -> 3.4980822 | D9: =IFERROR(가정!$B$6/(가정!$B$7*가정!$B$15)/가정!$B$9,"-") -> 1.7490411 | E9: =IFERROR(가정!$B$6/(가정!$B$7*가정!$B$16)/가정!$B$9,"-") -> 1.1660274 | F9: =IFERROR(가정!$B$6/(가정!$B$7*가정!$B$17)/가정!$B$9,"-") -> 0.87452055
A10: 3년 누적 WLBN | B10: =가정!$B$11 -> 5475 | C10: =가정!$B$11 -> 5475 | D10: =가정!$B$11 -> 5475 | E10: =가정!$B$11 -> 5475 | F10: =가정!$B$11 -> 5475
A11: 3년 누적 환산 (USD) | B11: =가정!$B$11*가정!$B$18 -> 2521.4291 | C11: =가정!$B$11*가정!$B$14 -> 2737.5 | D11: =가정!$B$11*가정!$B$15 -> 5475 | E11: =가정!$B$11*가정!$B$16 -> 8212.5 | F11: =가정!$B$11*가정!$B$17 -> 10950
A12: 3년 순차액 (환산 − 구매가) | B12: =가정!$B$11*가정!$B$18-가정!$B$6 -> 2255.4291 | C12: =가정!$B$11*가정!$B$14-가정!$B$6 -> 2471.5 | D12: =가정!$B$11*가정!$B$15-가정!$B$6 -> 5209 | E12: =가정!$B$11*가정!$B$16-가정!$B$6 -> 7946.5 | F12: =가정!$B$11*가정!$B$17-가정!$B$6 -> 10684
A13: 구매가 대비 배수 | B13: =IFERROR(가정!$B$11*가정!$B$18/가정!$B$6,"-") -> 9.4790569 | C13: =IFERROR(가정!$B$11*가정!$B$14/가정!$B$6,"-") -> 10.291353 | D13: =IFERROR(가정!$B$11*가정!$B$15/가정!$B$6,"-") -> 20.582707 | E13: =IFERROR(가정!$B$11*가정!$B$16/가정!$B$6,"-") -> 30.87406 | F13: =IFERROR(가정!$B$11*가정!$B$17/가정!$B$6,"-") -> 41.165414
A14: 회수에 필요한 최저 가격 (USD/WLBN) | B14: =가정!$B$6/가정!$B$11 -> 0.048584475 | C14: =가정!$B$6/가정!$B$11 -> 0.048584475 | D14: =가정!$B$6/가정!$B$11 -> 0.048584475 | E14: =가정!$B$6/가정!$B$11 -> 0.048584475 | F14: =가정!$B$6/가정!$B$11 -> 0.048584475
A16: 읽는 법: 「회수에 필요한 최저 가격」 아래로 내려가면 3년을 다 받아도 구매가를 못 돌려받는다.

Sheet 월별
A1: 월별 누적 — 장당 (구매가 차감 뒤 순누적, USD)
A2: 내부 검토용 · 대외 배포 금지. 초록 칸 = 처음으로 구매가를 넘긴 달. 가격은 3년 내내 같다고 가정.
A3: 개월 | B3: 누적 일수 | C3: 누적 WLBN | D3: 참고 0.46 | E3: A $0.5 | F3: B $1.0 | G3: C $1.5 | H3: D $2.0
A4: 1 | B4: =MIN(A4*가정!$B$9,가정!$B$8) -> 30.416667 | C4: =B4*가정!$B$7 -> 152.08333 | D4: =C4*가정!$B$18-가정!$B$6 -> -195.9603 | E4: =C4*가정!$B$14-가정!$B$6 -> -189.95833 | F4: =C4*가정!$B$15-가정!$B$6 -> -113.91667 | G4: =C4*가정!$B$16-가정!$B$6 -> -37.875 | H4: =C4*가정!$B$17-가정!$B$6 -> 38.166667
A5: 2 | B5: =MIN(A5*가정!$B$9,가정!$B$8) -> 60.833333 | C5: =B5*가정!$B$7 -> 304.16667 | D5: =C5*가정!$B$18-가정!$B$6 -> -125.9206 | E5: =C5*가정!$B$14-가정!$B$6 -> -113.91667 | F5: =C5*가정!$B$15-가정!$B$6 -> 38.166667 | G5: =C5*가정!$B$16-가정!$B$6 -> 190.25 | H5: =C5*가정!$B$17-가정!$B$6 -> 342.33333
A6: 3 | B6: =MIN(A6*가정!$B$9,가정!$B$8) -> 91.25 | C6: =B6*가정!$B$7 -> 456.25 | D6: =C6*가정!$B$18-가정!$B$6 -> -55.880906 | E6: =C6*가정!$B$14-가정!$B$6 -> -37.875 | F6: =C6*가정!$B$15-가정!$B$6 -> 190.25 | G6: =C6*가정!$B$16-가정!$B$6 -> 418.375 | H6: =C6*가정!$B$17-가정!$B$6 -> 646.5
A7: 4 | B7: =MIN(A7*가정!$B$9,가정!$B$8) -> 121.66667 | C7: =B7*가정!$B$7 -> 608.33333 | D7: =C7*가정!$B$18-가정!$B$6 -> 14.158792 | E7: =C7*가정!$B$14-가정!$B$6 -> 38.166667 | F7: =C7*가정!$B$15-가정!$B$6 -> 342.33333 | G7: =C7*가정!$B$16-가정!$B$6 -> 646.5 | H7: =C7*가정!$B$17-가정!$B$6 -> 950.66667
A8: 5 | B8: =MIN(A8*가정!$B$9,가정!$B$8) -> 152.08333 | C8: =B8*가정!$B$7 -> 760.41667 | D8: =C8*가정!$B$18-가정!$B$6 -> 84.19849 | E8: =C8*가정!$B$14-가정!$B$6 -> 114.20833 | F8: =C8*가정!$B$15-가정!$B$6 -> 494.41667 | G8: =C8*가정!$B$16-가정!$B$6 -> 874.625 | H8: =C8*가정!$B$17-가정!$B$6 -> 1254.8333
A9: 6 | B9: =MIN(A9*가정!$B$9,가정!$B$8) -> 182.5 | C9: =B9*가정!$B$7 -> 912.5 | D9: =C9*가정!$B$18-가정!$B$6 -> 154.23819 | E9: =C9*가정!$B$14-가정!$B$6 -> 190.25 | F9: =C9*가정!$B$15-가정!$B$6 -> 646.5 | G9: =C9*가정!$B$16-가정!$B$6 -> 1102.75 | H9: =C9*가정!$B$17-가정!$B$6 -> 1559
A10: 7 | B10: =MIN(A10*가정!$B$9,가정!$B$8) -> 212.91667 | C10: =B10*가정!$B$7 -> 1064.5833 | D10: =C10*가정!$B$18-가정!$B$6 -> 224.27789 | E10: =C10*가정!$B$14-가정!$B$6 -> 266.29167 | F10: =C10*가정!$B$15-가정!$B$6 -> 798.58333 | G10: =C10*가정!$B$16-가정!$B$6 -> 1330.875 | H10: =C10*가정!$B$17-가정!$B$6 -> 1863.1667
A11: 8 | B11: =MIN(A11*가정!$B$9,가정!$B$8) -> 243.33333 | C11: =B11*가정!$B$7 -> 1216.6667 | D11: =C11*가정!$B$18-가정!$B$6 -> 294.31758 | E11: =C11*가정!$B$14-가정!$B$6 -> 342.33333 | F11: =C11*가정!$B$15-가정!$B$6 -> 950.66667 | G11: =C11*가정!$B$16-가정!$B$6 -> 1559 | H11: =C11*가정!$B$17-가정!$B$6 -> 2167.3333
A12: 9 | B12: =MIN(A12*가정!$B$9,가정!$B$8) -> 273.75 | C12: =B12*가정!$B$7 -> 1368.75 | D12: =C12*가정!$B$18-가정!$B$6 -> 364.35728 | E12: =C12*가정!$B$14-가정!$B$6 -> 418.375 | F12: =C12*가정!$B$15-가정!$B$6 -> 1102.75 | G12: =C12*가정!$B$16-가정!$B$6 -> 1787.125 | H12: =C12*가정!$B$17-가정!$B$6 -> 2471.5
A13: 10 | B13: =MIN(A13*가정!$B$9,가정!$B$8) -> 304.16667 | C13: =B13*가정!$B$7 -> 1520.8333 | D13: =C13*가정!$B$18-가정!$B$6 -> 434.39698 | E13: =C13*가정!$B$14-가정!$B$6 -> 494.41667 | F13: =C13*가정!$B$15-가정!$B$6 -> 1254.8333 | G13: =C13*가정!$B$16-가정!$B$6 -> 2015.25 | H13: =C13*가정!$B$17-가정!$B$6 -> 2775.6667
A14: 11 | B14: =MIN(A14*가정!$B$9,가정!$B$8) -> 334.58333 | C14: =B14*가정!$B$7 -> 1672.9167 | D14: =C14*가정!$B$18-가정!$B$6 -> 504.43668 | E14: =C14*가정!$B$14-가정!$B$6 -> 570.45833 | F14: =C14*가정!$B$15-가정!$B$6 -> 1406.9167 | G14: =C14*가정!$B$16-가정!$B$6 -> 2243.375 | H14: =C14*가정!$B$17-가정!$B$6 -> 3079.8333
A15: 12 | B15: =MIN(A15*가정!$B$9,가정!$B$8) -> 365 | C15: =B15*가정!$B$7 -> 1825 | D15: =C15*가정!$B$18-가정!$B$6 -> 574.47637 | E15: =C15*가정!$B$14-가정!$B$6 -> 646.5 | F15: =C15*가정!$B$15-가정!$B$6 -> 1559 | G15: =C15*가정!$B$16-가정!$B$6 -> 2471.5 | H15: =C15*가정!$B$17-가정!$B$6 -> 3384
... A39: 36 | B39: =MIN(A39*가정!$B$9,가정!$B$8) -> 1095 | C39: =B39*가정!$B$7 -> 5475 | D39: =C39*가정!$B$18-가정!$B$6 -> 2255.4291 | E39: =C39*가정!$B$14-가정!$B$6 -> 2471.5 | F39: =C39*가정!$B$15-가정!$B$6 -> 5209 | G39: =C39*가정!$B$16-가정!$B$6 -> 7946.5 | H39: =C39*가정!$B$17-가정!$B$6 -> 10684

Sheet 현실 점검
A1: 현실 점검 — 환산액을 실제로 받을 수 있나 (풀 깊이 · 매도 압력)
A2: 내부 검토용. 10/14 XRPL 탐색기 풀 화면 기준. 상수곱(x·y=k) AMM, 수수료 0.5% 반영.
A3: 항목 | B3: 값 | C3: 근거
A4: 풀 RLUSD 보유 | B4: 122000 | C4: 10/14 화면 122.0K
A5: 풀 WLBN 보유 | B5: 264800 | C5: 10/14 화면 264.8K
A6: 풀 수수료 | B6: 0.005 | C6: 0.50%
A7: 판매된 이용권 (장) | B7: 101 | C7: 10/12 화면 101 / 4,000
A8: 완판 시 이용권 (장) | B8: 4000 | C8: 발행 4,000
A9: 계산
A10: 현재 풀 가격 (RLUSD/WLBN) | B10: =B4/B5 -> 0.46072508
A11: 하루 새로 풀리는 WLBN — 지금 판매분 | B11: =B7*가정!$B$7 -> 505 | C11: 판매 장수 × 5
A12: 하루 새로 풀리는 WLBN — 완판 시 | B12: =B8*가정!$B$7 -> 20000 | C12: 4,000 × 5 = 20,000
A13: 완판 시 한 달 풀리는 WLBN | B13: =B12*가정!$B$9 -> 608333.33
A14: 풀 WLBN 대비 (완판 시 한 달치) | B14: =B13/B5 -> 2.2973313 | C14: 풀 보유량의 몇 배가 한 달에 풀리나
A15: 한 장 한 달치를 풀에 팔면 받는 RLUSD | B15: =B4*(가정!$B$10*(1-B6))/(B5+가정!$B$10*(1-B6)) -> 69.678444 | C15: 장당 약 152 WLBN
A16: └ 같은 수량 × 현재 가격과 차이 | B16: =B15/(가정!$B$10*B10)-1 -> -0.0055682791 | C16: 미끄러짐(작음)
A17: 완판 뒤 한 달치 전량을 풀에 팔면 받는 RLUSD | B17: =B4*(B13*(1-B6))/(B5+B13*(1-B6)) -> 84871.038 | C17: 모두가 한꺼번에 판다고 가정한 극단값
A18: └ 그때 1 WLBN 평균 가격 | B18: =B17/B13 -> 0.13951404
A19: └ 매도 뒤 풀 가격 | B19: =(B4-B17)/(B5+B13) -> 0.042523816
A21: 읽는 법: 한 장 단위로는 거의 제값에 팔 수 있지만, 판매 장수가 늘수록 매일 풀리는 WLBN 이 풀 깊이를 크게 넘는다. 「요약」의 환산액은 가격이 버틴다는 가정에서만 성립한다.
A22: 이용권 토큰의 본래 용도는 AI 팩토리 콘텐츠 결제(카탈로그 가격 3년 고정, 결제분 소각) — 시장 매도 가치와 다르다.
