Workbook

Sheet 가정
A1: AI 이용권 재구매(복리) 시뮬레이션 — 가정
A2: 내부 검토용 · 대외 배포 · 고객 안내 금지. WLBN 가격은 가정(전망 아님). 지급 수량 · 가치는 사이트 약관상 비보장. 파란 글씨 · 노란 칸만 바꾼다.
A3: 항목 | B3: 값 | C3: 근거
A4: 정가 (RLUSD ≈ USD / 장) | B4: 380 | C4: 사이트 상품 페이지(정본 §4-1)
A5: 첫 구매 할인율 | B5: 0.3 | C5: 서우 지정(10/16)
A6: 첫 구매가 (USD / 장) | B6: =B4*(1-B5) -> 266 | C6: 정가 × (1 − 할인율) = 266
A7: 첫 구매 장수 | B7: 1 | C7: 서우 지정(10/16)
A8: 일 지급 (WLBN / 장) | B8: 5 | C8: 정본 §4-1
A9: 지급 기간 (일) | B9: 1095 | C9: 정본 §4-1 — 발급일 기준 3년 · 이 시트의 계산 창도 같은 1,095일
A10: WLBN 가격 (USD / WLBN) | B10: 1 | C10: 서우 지정 가정(10/16) — 전망 아님. 10/14 AMM 풀 화면 가격은 약 0.46
A11: 재투자 켜기 (1 = 켬 · 0 = 끔) | B11: 1 | C11: 0 이면 「재구매 없이 보유」와 같아진다
A12: 재구매 할인율 | B12: 0.3 | C12: 가정 — 재구매에도 같은 할인이 된다고 둠(할인 코드 조건 미확인)
A13: 재구매 단가 (USD / 장) | B13: =B4*(1-B12) -> 266 | C13: 정가 × (1 − 재구매 할인율)
A14: 교환 수수료 (WLBN → RLUSD) | B14: 0.005 | C14: 10/14 AMM 풀 수수료 0.5%(정본 §8). 이용권은 RLUSD 결제만이라 WLBN 을 바꿔야 한다
A15: 슬리피지 (가정) | B15: 0 | C15: 0 = 가격 영향 없음(낙관). 현실 점검 시트의 풀 깊이 계산 참고
A16: 계정당 보유 상한 (장) | B16: 100 | C16: 정본 §4-1 — 계정당 최대 100장
A17: 재구매 1장에 필요한 WLBN | B17: =B13/(B10*(1-B14)*(1-B15)) -> 267.33668 | C17: 재구매 단가 ÷ (가격 × (1 − 수수료) × (1 − 슬리피지))
A18: 클레임 보류 (일) | B18: 1 | C18: 정본 §4-1 — 적립분 24시간 보류. 일별 시트 수식에 1일로 들어 있다(값만 바꿔도 반영 안 됨)
A19: 첫 구매일 (09:00 KST 스냅샷 뒤 구매 가정) | B19: 46311 | C19: 날짜 계산용 — 09:00 전에 사면 하루 당겨진다
A21: 계산 규칙
A22: ① 첫 구매일 = 0일차. 매일 09:00 KST(00:00 UTC) 스냅샷에 보유 장수 × 5 WLBN 이 적립된다(첫 적립 = 1일차).
A23: ② 적립분은 24시간 보류 → 다음 날부터 쓸 수 있다. 쓸 수 있는 잔고가 재구매 1장 값 이상이면 그날 바로 정수 장만큼 산다(상한 100장까지).
A24: ③ 새로 산 장은 다음 날 스냅샷부터 적립된다. 3년 창 안에서는 어떤 장도 만료되지 않는다(첫 장이 1,095일차에 끝난다).
A25: ④ 「평가액」은 손에 남은 WLBN(보류분 포함) × 가격이다. 재구매에 쓴 WLBN 과 이용권 자체의 남은 가치는 넣지 않는다.

Sheet 요약
A1: 요약 — 이용권 1장(30% 할인) · WLBN $1.0 가정 · 3년
A2: 내부 검토용 · 대외 배포 · 고객 안내 금지. 「복리」는 적립분을 팔아 이용권을 더 사는 경우의 계산일 뿐 약속 · 전망이 아니다.
A4: 항목 | B4: 재구매 없이 보유 | C4: 재구매(복리) | D4: 메모
A5: 첫 구매 원금 (USD) | B5: =가정!B6*가정!B7 -> 266 | C5: =가정!B6*가정!B7 -> 266
A6: 3년 누적 적립 (WLBN) | B6: =일별!K1099 -> 5475 | C6: =일별!I1099 -> 432520 | D6: 재구매 없이 = 장당 5,475
A7: 재구매에 쓴 WLBN | B7: 0 | C7: =SUM(일별!G5:G1099) -> 26466.332 | D7: WLBN 을 팔아 RLUSD 로 산 몫
A8: 재구매 장수 (합계) | B8: 0 | C8: =SUM(일별!F5:F1099) -> 99 | D8: 첫 구매 제외
A9: 3년 끝 보유 이용권 (장) | B9: =가정!B7 -> 1 | C9: =일별!L1099 -> 100
A10: 3년 끝 손에 남은 WLBN | B10: =일별!K1099 -> 5475 | C10: =일별!H1099+일별!D1099 -> 406053.67 | D10: 보류분(마지막 날 적립) 포함
A11: 3년 끝 평가액 (USD) | B11: =B10*가정!B10 -> 5475 | C11: =C10*가정!B10 -> 406053.67 | D11: 손에 남은 WLBN × 가정 가격
A12: 원금 대비 배수 | B12: =IF(B5=0,0,B11/B5) -> 20.582707 | C12: =IF(C5=0,0,C11/C5) -> 1526.5176
A13: 상한(계정당 장수) 도달 일차 | B13: - | C13: =IFERROR(INDEX(일별!A5:A1099,MATCH(가정!B16,일별!L5:L1099,0)),"미도달") -> 284 | D13: 도달 뒤엔 더 살 수 없어 복리가 멈춘다
A14: 상한 도달 뒤 하루 적립 (WLBN) | B14: =가정!B7*가정!B8 -> 5 | C14: =가정!B16*가정!B8 -> 500
A15: 3년 뒤에도 남는 적립 권리 (WLBN) | B15: 0 | C15: =SUMPRODUCT(일별!F5:F1099,일별!A5:A1099)*가정!B8 -> 114980 | D15: 재구매분은 산 날부터 1,095일이라 3년 창 밖으로 이어진다(평가액에 넣지 않음)
A16: 재구매에 필요한 RLUSD (합계) | B16: 0 | C16: =C8*가정!B13 -> 26334 | D16: 현실 점검 시트의 풀 깊이와 비교
A17: 첫 재구매 일차 | B17: - | C17: =IFERROR(INDEX(일별!A5:A1099,MATCH(TRUE(),INDEX(일별!F5:F1099>0,0),0)),"없음") -> 55 | D17: 적립분이 재구매 1장 값에 닿고 24시간 보류가 풀린 날
A18: 첫 재구매 날짜 | B18: - | C18: =IF(ISNUMBER(C17),가정!B19+C17,"-") -> 46366 | D18: 가정 시트 첫 구매일 기준
A20: 연도별
A21: 연차 | B21: 재구매 없이 누적 WLBN | C21: 재구매 누적 적립 WLBN | D21: 재구매 연말 손에 남은 WLBN | E21: 재구매 연말 보유 장수 | F21: 재구매 연말 평가액 USD | G21: 재구매 없이 평가액 USD
A22: 1년차 | B22: =월별!J17 -> 1825 | C22: =월별!G17 -> 67520 | D22: =월별!H17 -> 41053.668 | E22: =월별!D17 -> 100 | F22: =월별!I17 -> 41053.668 | G22: =월별!K17 -> 1825
A23: 2년차 | B23: =월별!J29 -> 3650 | C23: =월별!G29 -> 250020 | D23: =월별!H29 -> 223553.67 | E23: =월별!D29 -> 100 | F23: =월별!I29 -> 223553.67 | G23: =월별!K29 -> 3650
A24: 3년차 | B24: =월별!J41 -> 5475 | C24: =월별!G41 -> 432520 | D24: =월별!H41 -> 406053.67 | E24: =월별!D41 -> 100 | F24: =월별!I41 -> 406053.67 | G24: =월별!K41 -> 5475

Sheet 일별
A1: 일별 계산 (1~1,095일차)
A2: 모든 칸은 수식. 0일차 = 첫 구매일.
A4: 일차 | B4: 월 | C4: 보유 이용권 (그날 적립 대상) | D4: 그날 적립 WLBN | E4: 쓸 수 있는 잔고 (재구매 전) | F4: 재구매 장수 | G4: 재구매에 쓴 WLBN | H4: 그날 끝 미사용 잔고 | I4: 누적 적립 WLBN | J4: 평가액 USD (잔고+보류) | K4: 재구매 없이 누적 WLBN | L4: 재구매 뒤 보유 장수
A5: 1 | B5: =MATCH(A5,월별!$C$6:$C$41,1) -> 1 | C5: =가정!$B$7 -> 1 | D5: =C5*가정!$B$8 -> 5 | E5: 0 | F5: =IF(가정!$B$11=1,MAX(0,MIN(가정!$B$16-C5,INT(E5/가정!$B$17))),0) -> 0 | G5: =F5*가정!$B$17 -> 0 | H5: =E5-G5 -> 0 | I5: =D5 -> 5 | J5: =(H5+D5)*가정!$B$10 -> 5 | K5: =A5*가정!$B$8*가정!$B$7 -> 5 | L5: =C5+F5 -> 1
A6: 2 | B6: =MATCH(A6,월별!$C$6:$C$41,1) -> 1 | C6: =L5 -> 1 | D6: =C6*가정!$B$8 -> 5 | E6: =H5+D5 -> 5 | F6: =IF(가정!$B$11=1,MAX(0,MIN(가정!$B$16-C6,INT(E6/가정!$B$17))),0) -> 0 | G6: =F6*가정!$B$17 -> 0 | H6: =E6-G6 -> 5 | I6: =I5+D6 -> 10 | J6: =(H6+D6)*가정!$B$10 -> 10 | K6: =A6*가정!$B$8*가정!$B$7 -> 10 | L6: =C6+F6 -> 1
A7: 3 | B7: =MATCH(A7,월별!$C$6:$C$41,1) -> 1 | C7: =L6 -> 1 | D7: =C7*가정!$B$8 -> 5 | E7: =H6+D6 -> 10 | F7: =IF(가정!$B$11=1,MAX(0,MIN(가정!$B$16-C7,INT(E7/가정!$B$17))),0) -> 0 | G7: =F7*가정!$B$17 -> 0 | H7: =E7-G7 -> 10 | I7: =I6+D7 -> 15 | J7: =(H7+D7)*가정!$B$10 -> 15 | K7: =A7*가정!$B$8*가정!$B$7 -> 15 | L7: =C7+F7 -> 1
A8: 4 | B8: =MATCH(A8,월별!$C$6:$C$41,1) -> 1 | C8: =L7 -> 1 | D8: =C8*가정!$B$8 -> 5 | E8: =H7+D7 -> 15 | F8: =IF(가정!$B$11=1,MAX(0,MIN(가정!$B$16-C8,INT(E8/가정!$B$17))),0) -> 0 | G8: =F8*가정!$B$17 -> 0 | H8: =E8-G8 -> 15 | I8: =I7+D8 -> 20 | J8: =(H8+D8)*가정!$B$10 -> 20 | K8: =A8*가정!$B$8*가정!$B$7 -> 20 | L8: =C8+F8 -> 1
A9: 5 | B9: =MATCH(A9,월별!$C$6:$C$41,1) -> 1 | C9: =L8 -> 1 | D9: =C9*가정!$B$8 -> 5 | E9: =H8+D8 -> 20 | F9: =IF(가정!$B$11=1,MAX(0,MIN(가정!$B$16-C9,INT(E9/가정!$B$17))),0) -> 0 | G9: =F9*가정!$B$17 -> 0 | H9: =E9-G9 -> 20 | I9: =I8+D9 -> 25 | J9: =(H9+D9)*가정!$B$10 -> 25 | K9: =A9*가정!$B$8*가정!$B$7 -> 25 | L9: =C9+F9 -> 1
A10: 6 | B10: =MATCH(A10,월별!$C$6:$C$41,1) -> 1 | C10: =L9 -> 1 | D10: =C10*가정!$B$8 -> 5 | E10: =H9+D9 -> 25 | F10: =IF(가정!$B$11=1,MAX(0,MIN(가정!$B$16-C10,INT(E10/가정!$B$17))),0) -> 0 | G10: =F10*가정!$B$17 -> 0 | H10: =E10-G10 -> 25 | I10: =I9+D10 -> 30 | J10: =(H10+D10)*가정!$B$10 -> 30 | K10: =A10*가정!$B$8*가정!$B$7 -> 30 | L10: =C10+F10 -> 1
A11: 7 | B11: =MATCH(A11,월별!$C$6:$C$41,1) -> 1 | C11: =L10 -> 1 | D11: =C11*가정!$B$8 -> 5 | E11: =H10+D10 -> 30 | F11: =IF(가정!$B$11=1,MAX(0,MIN(가정!$B$16-C11,INT(E11/가정!$B$17))),0) -> 0 | G11: =F11*가정!$B$17 -> 0 | H11: =E11-G11 -> 30 | I11: =I10+D11 -> 35 | J11: =(H11+D11)*가정!$B$10 -> 35 | K11: =A11*가정!$B$8*가정!$B$7 -> 35 | L11: =C11+F11 -> 1
A12: 8 | B12: =MATCH(A12,월별!$C$6:$C$41,1) -> 1 | C12: =L11 -> 1 | D12: =C12*가정!$B$8 -> 5 | E12: =H11+D11 -> 35 | F12: =IF(가정!$B$11=1,MAX(0,MIN(가정!$B$16-C12,INT(E12/가정!$B$17))),0) -> 0 | G12: =F12*가정!$B$17 -> 0 | H12: =E12-G12 -> 35 | I12: =I11+D12 -> 40 | J12: =(H12+D12)*가정!$B$10 -> 40 | K12: =A12*가정!$B$8*가정!$B$7 -> 40 | L12: =C12+F12 -> 1
A13: 9 | B13: =MATCH(A13,월별!$C$6:$C$41,1) -> 1 | C13: =L12 -> 1 | D13: =C13*가정!$B$8 -> 5 | E13: =H12+D12 -> 40 | F13: =IF(가정!$B$11=1,MAX(0,MIN(가정!$B$16-C13,INT(E13/가정!$B$17))),0) -> 0 | G13: =F13*가정!$B$17 -> 0 | H13: =E13-G13 -> 40 | I13: =I12+D13 -> 45 | J13: =(H13+D13)*가정!$B$10 -> 45 | K13: =A13*가정!$B$8*가정!$B$7 -> 45 | L13: =C13+F13 -> 1
A14: 10 | B14: =MATCH(A14,월별!$C$6:$C$41,1) -> 1 | C14: =L13 -> 1 | D14: =C14*가정!$B$8 -> 5 | E14: =H13+D13 -> 45 | F14: =IF(가정!$B$11=1,MAX(0,MIN(가정!$B$16-C14,INT(E14/가정!$B$17))),0) -> 0 | G14: =F14*가정!$B$17 -> 0 | H14: =E14-G14 -> 45 | I14: =I13+D14 -> 50 | J14: =(H14+D14)*가정!$B$10 -> 50 | K14: =A14*가정!$B$8*가정!$B$7 -> 50 | L14: =C14+F14 -> 1
A15: 11 | B15: =MATCH(A15,월별!$C$6:$C$41,1) -> 1 | C15: =L14 -> 1 | D15: =C15*가정!$B$8 -> 5 | E15: =H14+D14 -> 50 | F15: =IF(가정!$B$11=1,MAX(0,MIN(가정!$B$16-C15,INT(E15/가정!$B$17))),0) -> 0 | G15: =F15*가정!$B$17 -> 0 | H15: =E15-G15 -> 50 | I15: =I14+D15 -> 55 | J15: =(H15+D15)*가정!$B$10 -> 55 | K15: =A15*가정!$B$8*가정!$B$7 -> 55 | L15: =C15+F15 -> 1
A16: 12 | B16: =MATCH(A16,월별!$C$6:$C$41,1) -> 1 | C16: =L15 -> 1 | D16: =C16*가정!$B$8 -> 5 | E16: =H15+D15 -> 55 | F16: =IF(가정!$B$11=1,MAX(0,MIN(가정!$B$16-C16,INT(E16/가정!$B$17))),0) -> 0 | G16: =F16*가정!$B$17 -> 0 | H16: =E16-G16 -> 55 | I16: =I15+D16 -> 60 | J16: =(H16+D16)*가정!$B$10 -> 60 | K16: =A16*가정!$B$8*가정!$B$7 -> 60 | L16: =C16+F16 -> 1
A17: 13 | B17: =MATCH(A17,월별!$C$6:$C$41,1) -> 1 | C17: =L16 -> 1 | D17: =C17*가정!$B$8 -> 5 | E17: =H16+D16 -> 60 | F17: =IF(가정!$B$11=1,MAX(0,MIN(가정!$B$16-C17,INT(E17/가정!$B$17))),0) -> 0 | G17: =F17*가정!$B$17 -> 0 | H17: =E17-G17 -> 60 | I17: =I16+D17 -> 65 | J17: =(H17+D17)*가정!$B$10 -> 65 | K17: =A17*가정!$B$8*가정!$B$7 -> 65 | L17: =C17+F17 -> 1
... A1099: 1095 | B1099: =MATCH(A1099,월별!$C$6:$C$41,1) -> 36 | C1099: =L1098 -> 100 | D1099: =C1099*가정!$B$8 -> 500 | E1099: =H1098+D1098 -> 405553.67 | F1099: =IF(가정!$B$11=1,MAX(0,MIN(가정!$B$16-C1099,INT(E1099/가정!$B$17))),0) -> 0 | G1099: =F1099*가정!$B$17 -> 0 | H1099: =E1099-G1099 -> 405553.67 | I1099: =I1098+D1099 -> 432520 | J1099: =(H1099+D1099)*가정!$B$10 -> 406053.67 | K1099: =A1099*가정!$B$8*가정!$B$7 -> 5475 | L1099: =C1099+F1099 -> 100

Sheet 월별
A1: 월별 표 (36개월 · 1,095일을 36등분)
A2: WLBN 가격은 가정 시트 B10. 「평가액」= 손에 남은 WLBN × 가격(재구매에 쓴 몫 · 이용권 자체 가치 제외).
A3: ="가정: 첫 구매 "&TEXT(가정!B7,"0")&"장 · 구매가 $"&TEXT(가정!B6,"0")&" · WLBN $"&TEXT(가정!B10,"0.00")&" · 재투자 "&IF(가정!B11=1,"켬","끔")&" · 상한 "&TEXT(가정!B16,"0")&"장" -> 가정: 첫 구매 1장 · 구매가 $266 · WLBN $1.00 · 재투자 켬 · 상한 100장
A5: 월 | B5: 끝 일차 | C5: 시작 일차 | D5: 월말 보유 이용권(장) | E5: 그 달 적립 WLBN | F5: 그 달 재구매(장) | G5: 누적 적립 WLBN | H5: 월말 손에 남은 WLBN | I5: 월말 평가액 USD | J5: 재구매 없이 누적 WLBN | K5: 재구매 없이 평가액 USD | L5: 원금 대비 (재구매) | M5: 원금 대비 (재구매 없이)
A6: 1 | B6: =ROUND(A6*가정!$B$9/36,0) -> 30 | C6: 1 | D6: =INDEX(일별!$L$5:$L$1099,B6) -> 1 | E6: =SUMIFS(일별!$D$5:$D$1099,일별!$B$5:$B$1099,A6) -> 150 | F6: =SUMIFS(일별!$F$5:$F$1099,일별!$B$5:$B$1099,A6) -> 0 | G6: =INDEX(일별!$I$5:$I$1099,B6) -> 150 | H6: =INDEX(일별!$H$5:$H$1099,B6)+INDEX(일별!$D$5:$D$1099,B6) -> 150 | I6: =H6*가정!$B$10 -> 150 | J6: =INDEX(일별!$K$5:$K$1099,B6) -> 150 | K6: =J6*가정!$B$10 -> 150 | L6: =IF(가정!$B$6*가정!$B$7=0,0,I6/(가정!$B$6*가정!$B$7)) -> 0.56390977 | M6: =IF(가정!$B$6*가정!$B$7=0,0,K6/(가정!$B$6*가정!$B$7)) -> 0.56390977
A7: 2 | B7: =ROUND(A7*가정!$B$9/36,0) -> 61 | C7: =B6+1 -> 31 | D7: =INDEX(일별!$L$5:$L$1099,B7) -> 2 | E7: =SUMIFS(일별!$D$5:$D$1099,일별!$B$5:$B$1099,A7) -> 185 | F7: =SUMIFS(일별!$F$5:$F$1099,일별!$B$5:$B$1099,A7) -> 1 | G7: =INDEX(일별!$I$5:$I$1099,B7) -> 335 | H7: =INDEX(일별!$H$5:$H$1099,B7)+INDEX(일별!$D$5:$D$1099,B7) -> 67.663317 | I7: =H7*가정!$B$10 -> 67.663317 | J7: =INDEX(일별!$K$5:$K$1099,B7) -> 305 | K7: =J7*가정!$B$10 -> 305 | L7: =IF(가정!$B$6*가정!$B$7=0,0,I7/(가정!$B$6*가정!$B$7)) -> 0.25437337 | M7: =IF(가정!$B$6*가정!$B$7=0,0,K7/(가정!$B$6*가정!$B$7)) -> 1.1466165
A8: 3 | B8: =ROUND(A8*가정!$B$9/36,0) -> 91 | C8: =B7+1 -> 62 | D8: =INDEX(일별!$L$5:$L$1099,B8) -> 3 | E8: =SUMIFS(일별!$D$5:$D$1099,일별!$B$5:$B$1099,A8) -> 345 | F8: =SUMIFS(일별!$F$5:$F$1099,일별!$B$5:$B$1099,A8) -> 1 | G8: =INDEX(일별!$I$5:$I$1099,B8) -> 680 | H8: =INDEX(일별!$H$5:$H$1099,B8)+INDEX(일별!$D$5:$D$1099,B8) -> 145.32663 | I8: =H8*가정!$B$10 -> 145.32663 | J8: =INDEX(일별!$K$5:$K$1099,B8) -> 455 | K8: =J8*가정!$B$10 -> 455 | L8: =IF(가정!$B$6*가정!$B$7=0,0,I8/(가정!$B$6*가정!$B$7)) -> 0.54634073 | M8: =IF(가정!$B$6*가정!$B$7=0,0,K8/(가정!$B$6*가정!$B$7)) -> 1.7105263
A9: 4 | B9: =ROUND(A9*가정!$B$9/36,0) -> 122 | C9: =B8+1 -> 92 | D9: =INDEX(일별!$L$5:$L$1099,B9) -> 5 | E9: =SUMIFS(일별!$D$5:$D$1099,일별!$B$5:$B$1099,A9) -> 610 | F9: =SUMIFS(일별!$F$5:$F$1099,일별!$B$5:$B$1099,A9) -> 2 | G9: =INDEX(일별!$I$5:$I$1099,B9) -> 1290 | H9: =INDEX(일별!$H$5:$H$1099,B9)+INDEX(일별!$D$5:$D$1099,B9) -> 220.65327 | I9: =H9*가정!$B$10 -> 220.65327 | J9: =INDEX(일별!$K$5:$K$1099,B9) -> 610 | K9: =J9*가정!$B$10 -> 610 | L9: =IF(가정!$B$6*가정!$B$7=0,0,I9/(가정!$B$6*가정!$B$7)) -> 0.82952356 | M9: =IF(가정!$B$6*가정!$B$7=0,0,K9/(가정!$B$6*가정!$B$7)) -> 2.2932331
A10: 5 | B10: =ROUND(A10*가정!$B$9/36,0) -> 152 | C10: =B9+1 -> 123 | D10: =INDEX(일별!$L$5:$L$1099,B10) -> 9 | E10: =SUMIFS(일별!$D$5:$D$1099,일별!$B$5:$B$1099,A10) -> 1040 | F10: =SUMIFS(일별!$F$5:$F$1099,일별!$B$5:$B$1099,A10) -> 4 | G10: =INDEX(일별!$I$5:$I$1099,B10) -> 2330 | H10: =INDEX(일별!$H$5:$H$1099,B10)+INDEX(일별!$D$5:$D$1099,B10) -> 191.30653 | I10: =H10*가정!$B$10 -> 191.30653 | J10: =INDEX(일별!$K$5:$K$1099,B10) -> 760 | K10: =J10*가정!$B$10 -> 760 | L10: =IF(가정!$B$6*가정!$B$7=0,0,I10/(가정!$B$6*가정!$B$7)) -> 0.71919749 | M10: =IF(가정!$B$6*가정!$B$7=0,0,K10/(가정!$B$6*가정!$B$7)) -> 2.8571429
A11: 6 | B11: =ROUND(A11*가정!$B$9/36,0) -> 183 | C11: =B10+1 -> 153 | D11: =INDEX(일별!$L$5:$L$1099,B11) -> 16 | E11: =SUMIFS(일별!$D$5:$D$1099,일별!$B$5:$B$1099,A11) -> 1865 | F11: =SUMIFS(일별!$F$5:$F$1099,일별!$B$5:$B$1099,A11) -> 7 | G11: =INDEX(일별!$I$5:$I$1099,B11) -> 4195 | H11: =INDEX(일별!$H$5:$H$1099,B11)+INDEX(일별!$D$5:$D$1099,B11) -> 184.94975 | I11: =H11*가정!$B$10 -> 184.94975 | J11: =INDEX(일별!$K$5:$K$1099,B11) -> 915 | K11: =J11*가정!$B$10 -> 915 | L11: =IF(가정!$B$6*가정!$B$7=0,0,I11/(가정!$B$6*가정!$B$7)) -> 0.69529981 | M11: =IF(가정!$B$6*가정!$B$7=0,0,K11/(가정!$B$6*가정!$B$7)) -> 3.4398496
A12: 7 | B12: =ROUND(A12*가정!$B$9/36,0) -> 213 | C12: =B11+1 -> 184 | D12: =INDEX(일별!$L$5:$L$1099,B12) -> 27 | E12: =SUMIFS(일별!$D$5:$D$1099,일별!$B$5:$B$1099,A12) -> 3130 | F12: =SUMIFS(일별!$F$5:$F$1099,일별!$B$5:$B$1099,A12) -> 11 | G12: =INDEX(일별!$I$5:$I$1099,B12) -> 7325 | H12: =INDEX(일별!$H$5:$H$1099,B12)+INDEX(일별!$D$5:$D$1099,B12) -> 374.24623 | I12: =H12*가정!$B$10 -> 374.24623 | J12: =INDEX(일별!$K$5:$K$1099,B12) -> 1065 | K12: =J12*가정!$B$10 -> 1065 | L12: =IF(가정!$B$6*가정!$B$7=0,0,I12/(가정!$B$6*가정!$B$7)) -> 1.4069407 | M12: =IF(가정!$B$6*가정!$B$7=0,0,K12/(가정!$B$6*가정!$B$7)) -> 4.0037594
A13: 8 | B13: =ROUND(A13*가정!$B$9/36,0) -> 243 | C13: =B12+1 -> 214 | D13: =INDEX(일별!$L$5:$L$1099,B13) -> 47 | E13: =SUMIFS(일별!$D$5:$D$1099,일별!$B$5:$B$1099,A13) -> 5410 | F13: =SUMIFS(일별!$F$5:$F$1099,일별!$B$5:$B$1099,A13) -> 20 | G13: =INDEX(일별!$I$5:$I$1099,B13) -> 12735 | H13: =INDEX(일별!$H$5:$H$1099,B13)+INDEX(일별!$D$5:$D$1099,B13) -> 437.51256 | I13: =H13*가정!$B$10 -> 437.51256 | J13: =INDEX(일별!$K$5:$K$1099,B13) -> 1215 | K13: =J13*가정!$B$10 -> 1215 | L13: =IF(가정!$B$6*가정!$B$7=0,0,I13/(가정!$B$6*가정!$B$7)) -> 1.6447841 | M13: =IF(가정!$B$6*가정!$B$7=0,0,K13/(가정!$B$6*가정!$B$7)) -> 4.5676692
A14: 9 | B14: =ROUND(A14*가정!$B$9/36,0) -> 274 | C14: =B13+1 -> 244 | D14: =INDEX(일별!$L$5:$L$1099,B14) -> 83 | E14: =SUMIFS(일별!$D$5:$D$1099,일별!$B$5:$B$1099,A14) -> 9770 | F14: =SUMIFS(일별!$F$5:$F$1099,일별!$B$5:$B$1099,A14) -> 36 | G14: =INDEX(일별!$I$5:$I$1099,B14) -> 22505 | H14: =INDEX(일별!$H$5:$H$1099,B14)+INDEX(일별!$D$5:$D$1099,B14) -> 583.39196 | I14: =H14*가정!$B$10 -> 583.39196 | J14: =INDEX(일별!$K$5:$K$1099,B14) -> 1370 | K14: =J14*가정!$B$10 -> 1370 | L14: =IF(가정!$B$6*가정!$B$7=0,0,I14/(가정!$B$6*가정!$B$7)) -> 2.1932029 | M14: =IF(가정!$B$6*가정!$B$7=0,0,K14/(가정!$B$6*가정!$B$7)) -> 5.1503759
A15: 10 | B15: =ROUND(A15*가정!$B$9/36,0) -> 304 | C15: =B14+1 -> 275 | D15: =INDEX(일별!$L$5:$L$1099,B15) -> 100 | E15: =SUMIFS(일별!$D$5:$D$1099,일별!$B$5:$B$1099,A15) -> 14515 | F15: =SUMIFS(일별!$F$5:$F$1099,일별!$B$5:$B$1099,A15) -> 17 | G15: =INDEX(일별!$I$5:$I$1099,B15) -> 37020 | H15: =INDEX(일별!$H$5:$H$1099,B15)+INDEX(일별!$D$5:$D$1099,B15) -> 10553.668 | I15: =H15*가정!$B$10 -> 10553.668 | J15: =INDEX(일별!$K$5:$K$1099,B15) -> 1520 | K15: =J15*가정!$B$10 -> 1520 | L15: =IF(가정!$B$6*가정!$B$7=0,0,I15/(가정!$B$6*가정!$B$7)) -> 39.675445 | M15: =IF(가정!$B$6*가정!$B$7=0,0,K15/(가정!$B$6*가정!$B$7)) -> 5.7142857
A16: 11 | B16: =ROUND(A16*가정!$B$9/36,0) -> 335 | C16: =B15+1 -> 305 | D16: =INDEX(일별!$L$5:$L$1099,B16) -> 100 | E16: =SUMIFS(일별!$D$5:$D$1099,일별!$B$5:$B$1099,A16) -> 15500 | F16: =SUMIFS(일별!$F$5:$F$1099,일별!$B$5:$B$1099,A16) -> 0 | G16: =INDEX(일별!$I$5:$I$1099,B16) -> 52520 | H16: =INDEX(일별!$H$5:$H$1099,B16)+INDEX(일별!$D$5:$D$1099,B16) -> 26053.668 | I16: =H16*가정!$B$10 -> 26053.668 | J16: =INDEX(일별!$K$5:$K$1099,B16) -> 1675 | K16: =J16*가정!$B$10 -> 1675 | L16: =IF(가정!$B$6*가정!$B$7=0,0,I16/(가정!$B$6*가정!$B$7)) -> 97.946122 | M16: =IF(가정!$B$6*가정!$B$7=0,0,K16/(가정!$B$6*가정!$B$7)) -> 6.2969925
A17: 12 | B17: =ROUND(A17*가정!$B$9/36,0) -> 365 | C17: =B16+1 -> 336 | D17: =INDEX(일별!$L$5:$L$1099,B17) -> 100 | E17: =SUMIFS(일별!$D$5:$D$1099,일별!$B$5:$B$1099,A17) -> 15000 | F17: =SUMIFS(일별!$F$5:$F$1099,일별!$B$5:$B$1099,A17) -> 0 | G17: =INDEX(일별!$I$5:$I$1099,B17) -> 67520 | H17: =INDEX(일별!$H$5:$H$1099,B17)+INDEX(일별!$D$5:$D$1099,B17) -> 41053.668 | I17: =H17*가정!$B$10 -> 41053.668 | J17: =INDEX(일별!$K$5:$K$1099,B17) -> 1825 | K17: =J17*가정!$B$10 -> 1825 | L17: =IF(가정!$B$6*가정!$B$7=0,0,I17/(가정!$B$6*가정!$B$7)) -> 154.3371 | M17: =IF(가정!$B$6*가정!$B$7=0,0,K17/(가정!$B$6*가정!$B$7)) -> 6.8609023
A18: 13 | B18: =ROUND(A18*가정!$B$9/36,0) -> 395 | C18: =B17+1 -> 366 | D18: =INDEX(일별!$L$5:$L$1099,B18) -> 100 | E18: =SUMIFS(일별!$D$5:$D$1099,일별!$B$5:$B$1099,A18) -> 15000 | F18: =SUMIFS(일별!$F$5:$F$1099,일별!$B$5:$B$1099,A18) -> 0 | G18: =INDEX(일별!$I$5:$I$1099,B18) -> 82520 | H18: =INDEX(일별!$H$5:$H$1099,B18)+INDEX(일별!$D$5:$D$1099,B18) -> 56053.668 | I18: =H18*가정!$B$10 -> 56053.668 | J18: =INDEX(일별!$K$5:$K$1099,B18) -> 1975 | K18: =J18*가정!$B$10 -> 1975 | L18: =IF(가정!$B$6*가정!$B$7=0,0,I18/(가정!$B$6*가정!$B$7)) -> 210.72808 | M18: =IF(가정!$B$6*가정!$B$7=0,0,K18/(가정!$B$6*가정!$B$7)) -> 7.424812
... A41: 36 | B41: =ROUND(A41*가정!$B$9/36,0) -> 1095 | C41: =B40+1 -> 1066 | D41: =INDEX(일별!$L$5:$L$1099,B41) -> 100 | E41: =SUMIFS(일별!$D$5:$D$1099,일별!$B$5:$B$1099,A41) -> 15000 | F41: =SUMIFS(일별!$F$5:$F$1099,일별!$B$5:$B$1099,A41) -> 0 | G41: =INDEX(일별!$I$5:$I$1099,B41) -> 432520 | H41: =INDEX(일별!$H$5:$H$1099,B41)+INDEX(일별!$D$5:$D$1099,B41) -> 406053.67 | I41: =H41*가정!$B$10 -> 406053.67 | J41: =INDEX(일별!$K$5:$K$1099,B41) -> 5475 | K41: =J41*가정!$B$10 -> 5475 | L41: =IF(가정!$B$6*가정!$B$7=0,0,I41/(가정!$B$6*가정!$B$7)) -> 1526.5176 | M41: =IF(가정!$B$6*가정!$B$7=0,0,K41/(가정!$B$6*가정!$B$7)) -> 20.582707

Sheet 현실 점검
A1: 현실 점검 — 이 계산이 실제로 성립하려면
A2: 계산은 「재구매가 언제든 같은 조건으로 된다」고 둔 것. 아래가 하나라도 막히면 복리는 그만큼 줄거나 멈춘다.
A4: 항목 | B4: 값 | C4: 설명
A5: 10/14 AMM 풀 RLUSD 잔고 | B5: 122000 | C5: XRPL 탐색기 화면(정본 §8) — 가정 아닌 그날 값
A6: 10/14 AMM 풀 WLBN 잔고 | B6: 264800 | C6: 같은 화면
A7: 풀 화면 가격 (RLUSD / WLBN) | B7: =B5/B6 -> 0.46072508 | C7: 시트 가정($1.0)의 절반 아래
A8: 재구매에 필요한 RLUSD (요약) | B8: =요약!C16 -> 26334 | C8: 요약 시트에서
A9: 그 RLUSD 가 풀 RLUSD 에서 차지하는 비율 | B9: =IF(B5=0,0,B8/B5) -> 0.21585246 | C9: 한 번에 빼면 가격이 크게 밀린다
A10: 한 번에 바꾼다면 필요한 WLBN (상수곱 풀) | B10: =IF(B5<=B8,"풀 부족",B8*B6/(B5-B8)/(1-가정!B14)) -> 73257.841 | C10: y = R_r · x(1−f) / (R_w + x(1−f)) 를 x 로 푼 값
A11: 그때 평균 교환가 (RLUSD / WLBN) | B11: =IF(ISNUMBER(B10),B8/B10,"-") -> 0.35947005 | C11: 화면 가격 대비 얼마나 손해인지
A12: 평균 교환가 ÷ 화면 가격 | B12: =IF(ISNUMBER(B11),B11/B7,"-") -> 0.7802268 | C12: 100% 보다 낮을수록 가격 영향이 크다
A13: 발행 총량 (장) | B13: 4000 | C13: 정본 §4-1 — 완판 시 재구매 불가
A14: 10/12 화면 판매 (장) | B14: 101 | C14: 정본 §4-1
A15: 한 계정이 상한까지 사면 총량 대비 | B15: =가정!B16/B13 -> 0.025 | C15: 한 사람이 전체의 2.5%
A17: 막히는 지점
A18: ① 교환: 이용권은 RLUSD 결제만(정본 §4-1) → 재구매하려면 WLBN 을 RLUSD 로 바꿔야 한다. 10/16 서우 확인 — 교환 정상 작동, 재구매는 보유자 선택. 남은 것 = 사이트 문구(G4 전 거래 금지)와 라이브 풀의 정리(정본 §8).
A19: ② 출금 · 클레임: 적립분이 계정 포인트로만 쌓이는 단계면(FAQ 「출금 개시 전 계정 포인트」) 지갑으로 꺼내 팔 수 없다(정본 §4-1 확인 필요 ②).
A20: ③ 가격: 시트는 WLBN $1.0 을 고정으로 둔다. 재구매가 늘수록 같은 사람이 계속 파는 쪽이라 가격을 누른다 — 고정 가격은 낙관 쪽 가정이다.
A21: ④ 할인: 첫 구매 30% 할인이 재구매에도 된다고 뒀다. 할인 코드 조건이 1회 · 1인이면 재구매 단가는 380 → 필요한 WLBN 이 약 1.4배.
A22: ⑤ 수량: 발행 4,000장 · 계정당 100장. 매진되면 재구매 불가, 상한 도달 뒤엔 복리가 멈추고 하루 500 WLBN 고정 적립만 남는다.
A23: ⑥ 용도: 이용권은 AI 팩토리 콘텐츠 결제용이고 결제에 쓴 토큰은 소각된다. 「적립분 팔아 이용권 더 사기」는 상품 설계 의도 밖의 사용이다.
A24: ⑦ 세금 · 규제: 적립 시점 소득 과세 · 투자 권유 해당 여부는 세무 · 카운슬 확인 전. 「복리 · 수익률 · 월 ○달러」 표현은 대외 금지(playbook).
