Workbook

Sheet 가정
A1: 기기 NFT 원금 회수 · 적립 환산 시트 — 가정
A2: 내부 검토용 · 대외 배포 · 고객 안내 금지. WLBN 가격과 단계 기간은 가정(전망 아님). 지급은 수량 정의일 뿐 가치 비보장(정본 §1).
A3: 항목 | B3: 값 | C3: 근거
A4: 정가 (RLUSD ≈ USD) | B4: 650 | C4: 정본 §2 — 원화 정가 1,083,000원
A5: 할인율 | B5: 0.3 | C5: 서우 지정(이용권과 같은 30%) — 0 · 20%로 바꿔 보기
A6: 구매가 | B6: =B4*(1-B5) -> 455 | C6: 정가 × (1 − 할인율)
A7: 1단계 기본 일 지급 (WLBN / 대) | B7: 7 | C7: 정본 §1 — 지점당 7(정상)
A8: 단계마다 곱하는 비율 | B8: 0.78 | C8: 정본 §1 — 7 × 0.78^(단계−1)
A9: 품질 등급 | B9: 1 | C9: 정본 §1 — 0 / 1.0 / 1.2(상위 10%)
A10: 제네시스 가산 | B10: 0 | C10: 정본 §2 — 1차 구매자 +20%(예정). 해당되면 0.2
A11: 전송률 계수 | B11: 1 | C11: 정본 §1 — 95% 이상 100% · 80~95% 선형 감액 · 80% 미만 0
A12: 단계 하나의 기간 (개월, 가정) | B12: 12 | C12: 가정 — 단계는 달력이 아니라 지점 수 · 수요 게이트로 오른다
A13: 월 평균 일수 | B13: =365/12 -> 30.416667 | C13: 1년 365일 ÷ 12
A14: 1단계 일 지급 (조건 반영) | B14: =B7*B9*(1+B10)*B11 -> 7
A15: 1단계 월 지급 (조건 반영) | B15: =B14*B13 -> 212.91667
A17: WLBN 가격 시나리오 (USD / WLBN)
A18: 시나리오 A | B18: 0.5 | C18: 서우 지정 구간(가정)
A19: 시나리오 B | B19: 1 | C19: 서우 지정 구간(가정)
A20: 시나리오 C | B20: 1.5 | C20: 서우 지정 구간(가정)
A21: 시나리오 D | B21: 2 | C21: 서우 지정 구간(가정)
A22: 참고: 10/14 AMM 풀 가격 | B22: 0.460535 | C22: XRPL 탐색기 RLUSD/WLBN 풀 화면(10/14) — 비교용
A24: 노란 칸만 바꾸면 다른 시트가 따라 바뀝니다. 배송 전 고정 일일 보상(포인트)은 금액이 정해지지 않아 넣지 않았습니다.

Sheet 요약
A1: 가격 구간별 원금 회수 · 적립 환산 (기기 NFT 1대)
A2: 내부 검토용 · 대외 배포 금지. 「환산액」 = 적립 WLBN × 가정 가격. 출금 개시 전에는 포인트(정본 §1) — 「현실 점검」 시트.
A3: 항목 | B3: 참고(10/14 풀) | C3: A | D3: B | E3: C | F3: D
A4: WLBN 가격 (USD) | B4: =가정!$B$22 -> 0.460535 | C4: =가정!$B$18 -> 0.5 | D4: =가정!$B$19 -> 1 | E4: =가정!$B$20 -> 1.5 | F4: =가정!$B$21 -> 2
A5: 구매가 (USD) | B5: =가정!$B$6 -> 455 | C5: =가정!$B$6 -> 455 | D5: =가정!$B$6 -> 455 | E5: =가정!$B$6 -> 455 | F5: =가정!$B$6 -> 455
A6: 1단계 일 적립 환산 (USD) | B6: =가정!$B$14*가정!$B$22 -> 3.223745 | C6: =가정!$B$14*가정!$B$18 -> 3.5 | D6: =가정!$B$14*가정!$B$19 -> 7 | E6: =가정!$B$14*가정!$B$20 -> 10.5 | F6: =가정!$B$14*가정!$B$21 -> 14
A7: 1단계 월 적립 환산 (USD) | B7: =가정!$B$15*가정!$B$22 -> 98.055577 | C7: =가정!$B$15*가정!$B$18 -> 106.45833 | D7: =가정!$B$15*가정!$B$19 -> 212.91667 | E7: =가정!$B$15*가정!$B$20 -> 319.375 | F7: =가정!$B$15*가정!$B$21 -> 425.83333
A8: 원금 회수 (개월, 단계 감소 반영) | B8: =IF(COUNTIF(월별!F4:F123,"<0")>=120,"기간 안에 못 함",COUNTIF(월별!F4:F123,"<0")+1) -> 5 | C8: =IF(COUNTIF(월별!G4:G123,"<0")>=120,"기간 안에 못 함",COUNTIF(월별!G4:G123,"<0")+1) -> 5 | D8: =IF(COUNTIF(월별!H4:H123,"<0")>=120,"기간 안에 못 함",COUNTIF(월별!H4:H123,"<0")+1) -> 3 | E8: =IF(COUNTIF(월별!I4:I123,"<0")>=120,"기간 안에 못 함",COUNTIF(월별!I4:I123,"<0")+1) -> 2 | F8: =IF(COUNTIF(월별!J4:J123,"<0")>=120,"기간 안에 못 함",COUNTIF(월별!J4:J123,"<0")+1) -> 2
A9: 3년(36개월) 누적 WLBN | B9: =월별!$E$39 -> 6102.362 | C9: =월별!$E$39 -> 6102.362 | D9: =월별!$E$39 -> 6102.362 | E9: =월별!$E$39 -> 6102.362 | F9: =월별!$E$39 -> 6102.362
A10: 3년 누적 환산 (USD) | B10: =월별!$E$39*가정!$B$22 -> 2810.3513 | C10: =월별!$E$39*가정!$B$18 -> 3051.181 | D10: =월별!$E$39*가정!$B$19 -> 6102.362 | E10: =월별!$E$39*가정!$B$20 -> 9153.543 | F10: =월별!$E$39*가정!$B$21 -> 12204.724
A11: 3년 순차액 (환산 − 구매가) | B11: =월별!$E$39*가정!$B$22-가정!$B$6 -> 2355.3513 | C11: =월별!$E$39*가정!$B$18-가정!$B$6 -> 2596.181 | D11: =월별!$E$39*가정!$B$19-가정!$B$6 -> 5647.362 | E11: =월별!$E$39*가정!$B$20-가정!$B$6 -> 8698.543 | F11: =월별!$E$39*가정!$B$21-가정!$B$6 -> 11749.724
A12: 3년 기준 구매가 대비 배수 | B12: =IFERROR(월별!$E$39*가정!$B$22/가정!$B$6,"-") -> 6.1765962 | C12: =IFERROR(월별!$E$39*가정!$B$18/가정!$B$6,"-") -> 6.7058923 | D12: =IFERROR(월별!$E$39*가정!$B$19/가정!$B$6,"-") -> 13.411785 | E12: =IFERROR(월별!$E$39*가정!$B$20/가정!$B$6,"-") -> 20.117677 | F12: =IFERROR(월별!$E$39*가정!$B$21/가정!$B$6,"-") -> 26.823569
A13: 10단계 전체 누적 WLBN | B13: =월별!$E$123 -> 10645.55 | C13: =월별!$E$123 -> 10645.55 | D13: =월별!$E$123 -> 10645.55 | E13: =월별!$E$123 -> 10645.55 | F13: =월별!$E$123 -> 10645.55
A14: 10단계 전체 누적 환산 (USD) | B14: =월별!$E$123*가정!$B$22 -> 4902.6482 | C14: =월별!$E$123*가정!$B$18 -> 5322.7748 | D14: =월별!$E$123*가정!$B$19 -> 10645.55 | E14: =월별!$E$123*가정!$B$20 -> 15968.325 | F14: =월별!$E$123*가정!$B$21 -> 21291.099
A15: 3년 안에 회수하려면 필요한 최저 가격 | B15: =IFERROR(가정!$B$6/월별!$E$39,"-") -> 0.074561293 | C15: =IFERROR(가정!$B$6/월별!$E$39,"-") -> 0.074561293 | D15: =IFERROR(가정!$B$6/월별!$E$39,"-") -> 0.074561293 | E15: =IFERROR(가정!$B$6/월별!$E$39,"-") -> 0.074561293 | F15: =IFERROR(가정!$B$6/월별!$E$39,"-") -> 0.074561293
A17: 「원금 회수」는 월별 시트에서 순누적이 처음 0 이상이 되는 달. 1단계가 그 전에 끝나면(단계 기간을 줄이면) 늦어진다.

Sheet 월별
A1: 월별 누적 — 대당 (120개월 = 단계 10개 × 12개월 가정, 구매가 차감 뒤 순누적, USD)
A2: 내부 검토용 · 대외 배포 금지. 초록 칸 = 처음으로 구매가를 넘긴 달. 가격은 내내 같다고 가정. 10단계 뒤는 1기 소진으로 보고 0.
A3: 개월 | B3: 단계 | C3: 일 지급 | D3: 월 지급 | E3: 누적 WLBN | F3: 참고 0.46 | G3: A $0.5 | H3: B $1.0 | I3: C $1.5 | J3: D $2.0
A4: 1 | B4: =IF(INT((A4-1)/가정!$B$12)+1>10,"끝",INT((A4-1)/가정!$B$12)+1) -> 1 | C4: =IF(B4="끝",0,가정!$B$14*가정!$B$8^(B4-1)) -> 7 | D4: =C4*가정!$B$13 -> 212.91667 | E4: =D4 -> 212.91667 | F4: =E4*가정!$B$22-가정!$B$6 -> -356.94442 | G4: =E4*가정!$B$18-가정!$B$6 -> -348.54167 | H4: =E4*가정!$B$19-가정!$B$6 -> -242.08333 | I4: =E4*가정!$B$20-가정!$B$6 -> -135.625 | J4: =E4*가정!$B$21-가정!$B$6 -> -29.166667
A5: 2 | B5: =IF(INT((A5-1)/가정!$B$12)+1>10,"끝",INT((A5-1)/가정!$B$12)+1) -> 1 | C5: =IF(B5="끝",0,가정!$B$14*가정!$B$8^(B5-1)) -> 7 | D5: =C5*가정!$B$13 -> 212.91667 | E5: =E4+D5 -> 425.83333 | F5: =E5*가정!$B$22-가정!$B$6 -> -258.88885 | G5: =E5*가정!$B$18-가정!$B$6 -> -242.08333 | H5: =E5*가정!$B$19-가정!$B$6 -> -29.166667 | I5: =E5*가정!$B$20-가정!$B$6 -> 183.75 | J5: =E5*가정!$B$21-가정!$B$6 -> 396.66667
A6: 3 | B6: =IF(INT((A6-1)/가정!$B$12)+1>10,"끝",INT((A6-1)/가정!$B$12)+1) -> 1 | C6: =IF(B6="끝",0,가정!$B$14*가정!$B$8^(B6-1)) -> 7 | D6: =C6*가정!$B$13 -> 212.91667 | E6: =E5+D6 -> 638.75 | F6: =E6*가정!$B$22-가정!$B$6 -> -160.83327 | G6: =E6*가정!$B$18-가정!$B$6 -> -135.625 | H6: =E6*가정!$B$19-가정!$B$6 -> 183.75 | I6: =E6*가정!$B$20-가정!$B$6 -> 503.125 | J6: =E6*가정!$B$21-가정!$B$6 -> 822.5
A7: 4 | B7: =IF(INT((A7-1)/가정!$B$12)+1>10,"끝",INT((A7-1)/가정!$B$12)+1) -> 1 | C7: =IF(B7="끝",0,가정!$B$14*가정!$B$8^(B7-1)) -> 7 | D7: =C7*가정!$B$13 -> 212.91667 | E7: =E6+D7 -> 851.66667 | F7: =E7*가정!$B$22-가정!$B$6 -> -62.777692 | G7: =E7*가정!$B$18-가정!$B$6 -> -29.166667 | H7: =E7*가정!$B$19-가정!$B$6 -> 396.66667 | I7: =E7*가정!$B$20-가정!$B$6 -> 822.5 | J7: =E7*가정!$B$21-가정!$B$6 -> 1248.3333
A8: 5 | B8: =IF(INT((A8-1)/가정!$B$12)+1>10,"끝",INT((A8-1)/가정!$B$12)+1) -> 1 | C8: =IF(B8="끝",0,가정!$B$14*가정!$B$8^(B8-1)) -> 7 | D8: =C8*가정!$B$13 -> 212.91667 | E8: =E7+D8 -> 1064.5833 | F8: =E8*가정!$B$22-가정!$B$6 -> 35.277885 | G8: =E8*가정!$B$18-가정!$B$6 -> 77.291667 | H8: =E8*가정!$B$19-가정!$B$6 -> 609.58333 | I8: =E8*가정!$B$20-가정!$B$6 -> 1141.875 | J8: =E8*가정!$B$21-가정!$B$6 -> 1674.1667
A9: 6 | B9: =IF(INT((A9-1)/가정!$B$12)+1>10,"끝",INT((A9-1)/가정!$B$12)+1) -> 1 | C9: =IF(B9="끝",0,가정!$B$14*가정!$B$8^(B9-1)) -> 7 | D9: =C9*가정!$B$13 -> 212.91667 | E9: =E8+D9 -> 1277.5 | F9: =E9*가정!$B$22-가정!$B$6 -> 133.33346 | G9: =E9*가정!$B$18-가정!$B$6 -> 183.75 | H9: =E9*가정!$B$19-가정!$B$6 -> 822.5 | I9: =E9*가정!$B$20-가정!$B$6 -> 1461.25 | J9: =E9*가정!$B$21-가정!$B$6 -> 2100
A10: 7 | B10: =IF(INT((A10-1)/가정!$B$12)+1>10,"끝",INT((A10-1)/가정!$B$12)+1) -> 1 | C10: =IF(B10="끝",0,가정!$B$14*가정!$B$8^(B10-1)) -> 7 | D10: =C10*가정!$B$13 -> 212.91667 | E10: =E9+D10 -> 1490.4167 | F10: =E10*가정!$B$22-가정!$B$6 -> 231.38904 | G10: =E10*가정!$B$18-가정!$B$6 -> 290.20833 | H10: =E10*가정!$B$19-가정!$B$6 -> 1035.4167 | I10: =E10*가정!$B$20-가정!$B$6 -> 1780.625 | J10: =E10*가정!$B$21-가정!$B$6 -> 2525.8333
A11: 8 | B11: =IF(INT((A11-1)/가정!$B$12)+1>10,"끝",INT((A11-1)/가정!$B$12)+1) -> 1 | C11: =IF(B11="끝",0,가정!$B$14*가정!$B$8^(B11-1)) -> 7 | D11: =C11*가정!$B$13 -> 212.91667 | E11: =E10+D11 -> 1703.3333 | F11: =E11*가정!$B$22-가정!$B$6 -> 329.44462 | G11: =E11*가정!$B$18-가정!$B$6 -> 396.66667 | H11: =E11*가정!$B$19-가정!$B$6 -> 1248.3333 | I11: =E11*가정!$B$20-가정!$B$6 -> 2100 | J11: =E11*가정!$B$21-가정!$B$6 -> 2951.6667
A12: 9 | B12: =IF(INT((A12-1)/가정!$B$12)+1>10,"끝",INT((A12-1)/가정!$B$12)+1) -> 1 | C12: =IF(B12="끝",0,가정!$B$14*가정!$B$8^(B12-1)) -> 7 | D12: =C12*가정!$B$13 -> 212.91667 | E12: =E11+D12 -> 1916.25 | F12: =E12*가정!$B$22-가정!$B$6 -> 427.50019 | G12: =E12*가정!$B$18-가정!$B$6 -> 503.125 | H12: =E12*가정!$B$19-가정!$B$6 -> 1461.25 | I12: =E12*가정!$B$20-가정!$B$6 -> 2419.375 | J12: =E12*가정!$B$21-가정!$B$6 -> 3377.5
A13: 10 | B13: =IF(INT((A13-1)/가정!$B$12)+1>10,"끝",INT((A13-1)/가정!$B$12)+1) -> 1 | C13: =IF(B13="끝",0,가정!$B$14*가정!$B$8^(B13-1)) -> 7 | D13: =C13*가정!$B$13 -> 212.91667 | E13: =E12+D13 -> 2129.1667 | F13: =E13*가정!$B$22-가정!$B$6 -> 525.55577 | G13: =E13*가정!$B$18-가정!$B$6 -> 609.58333 | H13: =E13*가정!$B$19-가정!$B$6 -> 1674.1667 | I13: =E13*가정!$B$20-가정!$B$6 -> 2738.75 | J13: =E13*가정!$B$21-가정!$B$6 -> 3803.3333
A14: 11 | B14: =IF(INT((A14-1)/가정!$B$12)+1>10,"끝",INT((A14-1)/가정!$B$12)+1) -> 1 | C14: =IF(B14="끝",0,가정!$B$14*가정!$B$8^(B14-1)) -> 7 | D14: =C14*가정!$B$13 -> 212.91667 | E14: =E13+D14 -> 2342.0833 | F14: =E14*가정!$B$22-가정!$B$6 -> 623.61135 | G14: =E14*가정!$B$18-가정!$B$6 -> 716.04167 | H14: =E14*가정!$B$19-가정!$B$6 -> 1887.0833 | I14: =E14*가정!$B$20-가정!$B$6 -> 3058.125 | J14: =E14*가정!$B$21-가정!$B$6 -> 4229.1667
A15: 12 | B15: =IF(INT((A15-1)/가정!$B$12)+1>10,"끝",INT((A15-1)/가정!$B$12)+1) -> 1 | C15: =IF(B15="끝",0,가정!$B$14*가정!$B$8^(B15-1)) -> 7 | D15: =C15*가정!$B$13 -> 212.91667 | E15: =E14+D15 -> 2555 | F15: =E15*가정!$B$22-가정!$B$6 -> 721.66692 | G15: =E15*가정!$B$18-가정!$B$6 -> 822.5 | H15: =E15*가정!$B$19-가정!$B$6 -> 2100 | I15: =E15*가정!$B$20-가정!$B$6 -> 3377.5 | J15: =E15*가정!$B$21-가정!$B$6 -> 4655
A16: 13 | B16: =IF(INT((A16-1)/가정!$B$12)+1>10,"끝",INT((A16-1)/가정!$B$12)+1) -> 2 | C16: =IF(B16="끝",0,가정!$B$14*가정!$B$8^(B16-1)) -> 5.46 | D16: =C16*가정!$B$13 -> 166.075 | E16: =E15+D16 -> 2721.075 | F16: =E16*가정!$B$22-가정!$B$6 -> 798.15028 | G16: =E16*가정!$B$18-가정!$B$6 -> 905.5375 | H16: =E16*가정!$B$19-가정!$B$6 -> 2266.075 | I16: =E16*가정!$B$20-가정!$B$6 -> 3626.6125 | J16: =E16*가정!$B$21-가정!$B$6 -> 4987.15
... A123: 120 | B123: =IF(INT((A123-1)/가정!$B$12)+1>10,"끝",INT((A123-1)/가정!$B$12)+1) -> 10 | C123: =IF(B123="끝",0,가정!$B$14*가정!$B$8^(B123-1)) -> 0.74808245 | D123: =C123*가정!$B$13 -> 22.754174 | E123: =E122+D123 -> 10645.55 | F123: =E123*가정!$B$22-가정!$B$6 -> 4447.6482 | G123: =E123*가정!$B$18-가정!$B$6 -> 4867.7748 | H123: =E123*가정!$B$19-가정!$B$6 -> 10190.55 | I123: =E123*가정!$B$20-가정!$B$6 -> 15513.325 | J123: =E123*가정!$B$21-가정!$B$6 -> 20836.099

Sheet 단계별
A1: 단계별 일 지급 (기기 1대, 조건 반영)
A2: 정본 §1 산식 = 7 × 0.78^(단계−1) × 품질 × (1 + 제네시스) × 전송률. 단계는 지점 수 · 수요 게이트로 오른다(달력 아님).
A3: 단계 | B3: 일 지급 WLBN | C3: 월 지급 WLBN | D3: 1단계 대비
A4: 1 | B4: =가정!$B$14*가정!$B$8^(A4-1) -> 7 | C4: =B4*가정!$B$13 -> 212.91667 | D4: =B4/$B$4 -> 1
A5: 2 | B5: =가정!$B$14*가정!$B$8^(A5-1) -> 5.46 | C5: =B5*가정!$B$13 -> 166.075 | D5: =B5/$B$4 -> 0.78
A6: 3 | B6: =가정!$B$14*가정!$B$8^(A6-1) -> 4.2588 | C6: =B6*가정!$B$13 -> 129.5385 | D6: =B6/$B$4 -> 0.6084
A7: 4 | B7: =가정!$B$14*가정!$B$8^(A7-1) -> 3.321864 | C7: =B7*가정!$B$13 -> 101.04003 | D7: =B7/$B$4 -> 0.474552
A8: 5 | B8: =가정!$B$14*가정!$B$8^(A8-1) -> 2.5910539 | C8: =B8*가정!$B$13 -> 78.811223 | D8: =B8/$B$4 -> 0.37015056
A9: 6 | B9: =가정!$B$14*가정!$B$8^(A9-1) -> 2.0210221 | C9: =B9*가정!$B$13 -> 61.472754 | D9: =B9/$B$4 -> 0.28871744
A10: 7 | B10: =가정!$B$14*가정!$B$8^(A10-1) -> 1.5763972 | C10: =B10*가정!$B$13 -> 47.948748 | D10: =B10/$B$4 -> 0.2251996
A11: 8 | B11: =가정!$B$14*가정!$B$8^(A11-1) -> 1.2295898 | C11: =B11*가정!$B$13 -> 37.400024 | D11: =B11/$B$4 -> 0.17565569
A12: 9 | B12: =가정!$B$14*가정!$B$8^(A12-1) -> 0.95908006 | C12: =B12*가정!$B$13 -> 29.172018 | D12: =B12/$B$4 -> 0.13701144
A13: 10 | B13: =가정!$B$14*가정!$B$8^(A13-1) -> 0.74808245 | C13: =B13*가정!$B$13 -> 22.754174 | D13: =B13/$B$4 -> 0.10686892

Sheet 현실 점검
A1: 현실 점검 — 환산액을 실제로 받을 수 있나 (출금 · 풀 깊이 · 매도 압력)
A2: 내부 검토용. 10/14 XRPL 탐색기 풀 화면 기준. 상수곱(x·y=k) AMM, 수수료 0.5% 반영.
A3: 항목 | B3: 값 | C3: 근거
A4: 풀 RLUSD 보유 | B4: 122000 | C4: 10/14 화면 122.0K
A5: 풀 WLBN 보유 | B5: 264800 | C5: 10/14 화면 264.8K
A6: 풀 수수료 | B6: 0.005 | C6: 0.50%
A7: 가동 기기 수 (가정) | B7: 25000 | C7: 1단계 지점 수 · G4 완판 기준 — 실제 판매 · 가동 수로 바꿔 보기
A9: 계산
A10: 현재 풀 가격 (RLUSD/WLBN) | B10: =B4/B5 -> 0.46072508
A11: 하루 새로 풀리는 WLBN (1단계) | B11: =B7*가정!$B$14 -> 175000 | C11: 가동 기기 × 1단계 일 지급
A12: 한 달 풀리는 WLBN (1단계) | B12: =B11*가정!$B$13 -> 5322916.7
A13: 풀 WLBN 대비 (한 달치) | B13: =B12/B5 -> 20.101649 | C13: 풀 보유량의 몇 배가 한 달에 풀리나
A14: 기기 한 대 한 달치를 풀에 팔면 받는 RLUSD | B14: =B4*(가정!$B$15*(1-B6))/(B5+가정!$B$15*(1-B6)) -> 97.527541 | C14: 대당 약 213 WLBN(품질 1.0)
A15: └ 같은 수량 × 현재 가격과 차이 | B15: =B14/(가정!$B$15*B10)-1 -> -0.005795409 | C15: 미끄러짐
A16: 전체 한 달치를 풀에 팔면 받는 RLUSD | B16: =B4*(B12*(1-B6))/(B5+B12*(1-B6)) -> 116190.79 | C16: 모두가 한꺼번에 판다고 가정한 극단값
A17: └ 그때 1 WLBN 평균 가격 | B17: =B16/B12 -> 0.021828407
A18: └ 매도 뒤 풀 가격 | B18: =(B4-B16)/(B5+B12) -> 0.001039639
A20: 출금: 정본(백서 「Withdrawal Opening」)은 DEX 상장 전까지 적립 WLBN 이 온체인으로 나가지 않는다(포인트). DEX 개방은 G4(25,000대 완판 + 3개월 가동률 80%).
A21: 10/14 화면에는 AMM 전환 · 공급이 열려 있다 — 기기 적립분 출금이 열렸는지는 서우 확인 대기(정본 §8). 출금 전 환산액은 장부상 숫자다.
A22: 가동 기기가 늘면 매일 풀리는 WLBN 이 풀 깊이를 크게 넘는다. 「요약」 환산액은 가격이 버틴다는 가정에서만 성립한다.
