Workbook

Sheet 가정
A1: AI 이용권 vs 기기 NFT — 가정
A2: 내부 검토용 · 대외 배포 · 고객 안내 금지. WLBN 가격 · 단계 기간은 가정(전망 아님). 지급 수량 · 가치 비보장.
A3: 항목 | B3: 값 | C3: 근거
A4: [공통] 월 평균 일수 | B4: =365/12 -> 30.416667 | C4: 365 ÷ 12
A5: [이용권] 정가 | B5: 380 | C5: 정본 §4-1
A6: [이용권] 할인율 | B6: 0.3 | C6: 서우 지정
A7: [이용권] 구매가 | B7: =B5*(1-B6) -> 266
A8: [이용권] 일 지급 WLBN | B8: 5 | C8: 정본 §4-1
A9: [이용권] 지급 기간 (일) | B9: 1095 | C9: 정본 §4-1 — 3년
A10: [기기] 정가 | B10: 650 | C10: 정본 §2 (원화 1,083,000원)
A11: [기기] 할인율 | B11: 0.3 | C11: 서우 지정
A12: [기기] 구매가 | B12: =B10*(1-B11) -> 455
A13: [기기] 1단계 일 지급 WLBN | B13: 7 | C13: 정본 §1
A14: [기기] 단계마다 곱하는 비율 | B14: 0.78 | C14: 정본 §1
A15: [기기] 품질 등급 | B15: 1 | C15: 0 / 1.0 / 1.2
A16: [기기] 제네시스 가산 | B16: 0 | C16: 1차 구매자 +20%(예정) — 해당 시 0.2
A17: [기기] 전송률 계수 | B17: 1 | C17: 95%↑ 100% · 80~95% 선형 · 80% 미만 0
A18: [기기] 단계 하나의 기간 (개월, 가정) | B18: 12 | C18: 단계는 게이트로 오름 — 달력 아님
A19: [기기] 1단계 일 지급 (조건 반영) | B19: =B13*B15*(1+B16)*B17 -> 7
A21: WLBN 가격 (USD)
A22: 참고 · 10/14 풀 | B22: 0.460535 | C22: 10/14 XRPL 풀 화면 — 비교용
A23: A | B23: 0.5 | C23: 서우 지정 구간(가정)
A24: B | B24: 1 | C24: 서우 지정 구간(가정)
A25: C | B25: 1.5 | C25: 서우 지정 구간(가정)
A26: D | B26: 2 | C26: 서우 지정 구간(가정)

Sheet 비교
A1: AI 이용권 vs 기기 NFT — 가격 구간별 비교 (1장 · 1대 기준)
A2: 내부 검토용 · 대외 배포 금지. 「환산」 = 적립 WLBN × 가정 가격. 실제로 그 가격에 팔 수 있다는 뜻이 아님. 기기는 단계 12개월 가정.
A3: WLBN 가격 | B3: 참고 $0.46 | D3: A $0.5 | F3: B $1.0 | H3: C $1.5 | J3: D $2.0
B4: 이용권 | C4: 기기 | D4: 이용권 | E4: 기기 | F4: 이용권 | G4: 기기 | H4: 이용권 | I4: 기기 | J4: 이용권 | K4: 기기
A5: 구매가 (USD) | B5: =가정!$B$7 -> 266 | C5: =가정!$B$12 -> 455 | D5: =가정!$B$7 -> 266 | E5: =가정!$B$12 -> 455 | F5: =가정!$B$7 -> 266 | G5: =가정!$B$12 -> 455 | H5: =가정!$B$7 -> 266 | I5: =가정!$B$12 -> 455 | J5: =가정!$B$7 -> 266 | K5: =가정!$B$12 -> 455
A6: 첫 달 적립 WLBN | B6: =월별!$B$4 -> 152.08333 | C6: =월별!$E$4 -> 212.91667 | D6: =월별!$B$4 -> 152.08333 | E6: =월별!$E$4 -> 212.91667 | F6: =월별!$B$4 -> 152.08333 | G6: =월별!$E$4 -> 212.91667 | H6: =월별!$B$4 -> 152.08333 | I6: =월별!$E$4 -> 212.91667 | J6: =월별!$B$4 -> 152.08333 | K6: =월별!$E$4 -> 212.91667
A7: 첫 달 적립 환산 (USD) | B7: =월별!$B$4*가정!$B$22 -> 70.039698 | C7: =월별!$E$4*가정!$B$22 -> 98.055577 | D7: =월별!$B$4*가정!$B$23 -> 76.041667 | E7: =월별!$E$4*가정!$B$23 -> 106.45833 | F7: =월별!$B$4*가정!$B$24 -> 152.08333 | G7: =월별!$E$4*가정!$B$24 -> 212.91667 | H7: =월별!$B$4*가정!$B$25 -> 228.125 | I7: =월별!$E$4*가정!$B$25 -> 319.375 | J7: =월별!$B$4*가정!$B$26 -> 304.16667 | K7: =월별!$E$4*가정!$B$26 -> 425.83333
A8: 원금 회수 (개월) | B8: =IF(COUNTIF(월별!G4:G39,"<0")>=36,"36개월 안 X",COUNTIF(월별!G4:G39,"<0")+1) -> 4 | C8: =IF(COUNTIF(월별!L4:L39,"<0")>=36,"36개월 안 X",COUNTIF(월별!L4:L39,"<0")+1) -> 5 | D8: =IF(COUNTIF(월별!H4:H39,"<0")>=36,"36개월 안 X",COUNTIF(월별!H4:H39,"<0")+1) -> 4 | E8: =IF(COUNTIF(월별!M4:M39,"<0")>=36,"36개월 안 X",COUNTIF(월별!M4:M39,"<0")+1) -> 5 | F8: =IF(COUNTIF(월별!I4:I39,"<0")>=36,"36개월 안 X",COUNTIF(월별!I4:I39,"<0")+1) -> 2 | G8: =IF(COUNTIF(월별!N4:N39,"<0")>=36,"36개월 안 X",COUNTIF(월별!N4:N39,"<0")+1) -> 3 | H8: =IF(COUNTIF(월별!J4:J39,"<0")>=36,"36개월 안 X",COUNTIF(월별!J4:J39,"<0")+1) -> 2 | I8: =IF(COUNTIF(월별!O4:O39,"<0")>=36,"36개월 안 X",COUNTIF(월별!O4:O39,"<0")+1) -> 2 | J8: =IF(COUNTIF(월별!K4:K39,"<0")>=36,"36개월 안 X",COUNTIF(월별!K4:K39,"<0")+1) -> 1 | K8: =IF(COUNTIF(월별!P4:P39,"<0")>=36,"36개월 안 X",COUNTIF(월별!P4:P39,"<0")+1) -> 2
A9: 3년 누적 WLBN | B9: =월별!$C$39 -> 5475 | C9: =월별!$F$39 -> 6102.362 | D9: =월별!$C$39 -> 5475 | E9: =월별!$F$39 -> 6102.362 | F9: =월별!$C$39 -> 5475 | G9: =월별!$F$39 -> 6102.362 | H9: =월별!$C$39 -> 5475 | I9: =월별!$F$39 -> 6102.362 | J9: =월별!$C$39 -> 5475 | K9: =월별!$F$39 -> 6102.362
A10: 3년 누적 환산 (USD) | B10: =월별!$C$39*가정!$B$22 -> 2521.4291 | C10: =월별!$F$39*가정!$B$22 -> 2810.3513 | D10: =월별!$C$39*가정!$B$23 -> 2737.5 | E10: =월별!$F$39*가정!$B$23 -> 3051.181 | F10: =월별!$C$39*가정!$B$24 -> 5475 | G10: =월별!$F$39*가정!$B$24 -> 6102.362 | H10: =월별!$C$39*가정!$B$25 -> 8212.5 | I10: =월별!$F$39*가정!$B$25 -> 9153.543 | J10: =월별!$C$39*가정!$B$26 -> 10950 | K10: =월별!$F$39*가정!$B$26 -> 12204.724
A11: 3년 순차액 (USD) | B11: =월별!$C$39*가정!$B$22-가정!$B$7 -> 2255.4291 | C11: =월별!$F$39*가정!$B$22-가정!$B$12 -> 2355.3513 | D11: =월별!$C$39*가정!$B$23-가정!$B$7 -> 2471.5 | E11: =월별!$F$39*가정!$B$23-가정!$B$12 -> 2596.181 | F11: =월별!$C$39*가정!$B$24-가정!$B$7 -> 5209 | G11: =월별!$F$39*가정!$B$24-가정!$B$12 -> 5647.362 | H11: =월별!$C$39*가정!$B$25-가정!$B$7 -> 7946.5 | I11: =월별!$F$39*가정!$B$25-가정!$B$12 -> 8698.543 | J11: =월별!$C$39*가정!$B$26-가정!$B$7 -> 10684 | K11: =월별!$F$39*가정!$B$26-가정!$B$12 -> 11749.724
A12: 구매가 대비 배수 (3년) | B12: =월별!$C$39*가정!$B$22/가정!$B$7 -> 9.4790569 | C12: =월별!$F$39*가정!$B$22/가정!$B$12 -> 6.1765962 | D12: =월별!$C$39*가정!$B$23/가정!$B$7 -> 10.291353 | E12: =월별!$F$39*가정!$B$23/가정!$B$12 -> 6.7058923 | F12: =월별!$C$39*가정!$B$24/가정!$B$7 -> 20.582707 | G12: =월별!$F$39*가정!$B$24/가정!$B$12 -> 13.411785 | H12: =월별!$C$39*가정!$B$25/가정!$B$7 -> 30.87406 | I12: =월별!$F$39*가정!$B$25/가정!$B$12 -> 20.117677 | J12: =월별!$C$39*가정!$B$26/가정!$B$7 -> 41.165414 | K12: =월별!$F$39*가정!$B$26/가정!$B$12 -> 26.823569
A13: 1달러당 3년 WLBN | B13: =월별!$C$39/가정!$B$7 -> 20.582707 | C13: =월별!$F$39/가정!$B$12 -> 13.411785 | D13: =월별!$C$39/가정!$B$7 -> 20.582707 | E13: =월별!$F$39/가정!$B$12 -> 13.411785 | F13: =월별!$C$39/가정!$B$7 -> 20.582707 | G13: =월별!$F$39/가정!$B$12 -> 13.411785 | H13: =월별!$C$39/가정!$B$7 -> 20.582707 | I13: =월별!$F$39/가정!$B$12 -> 13.411785 | J13: =월별!$C$39/가정!$B$7 -> 20.582707 | K13: =월별!$F$39/가정!$B$12 -> 13.411785
A14: 3년 안 회수 최저 가격 | B14: =가정!$B$7/월별!$C$39 -> 0.048584475 | C14: =가정!$B$12/월별!$F$39 -> 0.074561293 | D14: =가정!$B$7/월별!$C$39 -> 0.048584475 | E14: =가정!$B$12/월별!$F$39 -> 0.074561293 | F14: =가정!$B$7/월별!$C$39 -> 0.048584475 | G14: =가정!$B$12/월별!$F$39 -> 0.074561293 | H14: =가정!$B$7/월별!$C$39 -> 0.048584475 | I14: =가정!$B$12/월별!$F$39 -> 0.074561293 | J14: =가정!$B$7/월별!$C$39 -> 0.048584475 | K14: =가정!$B$12/월별!$F$39 -> 0.074561293
A17: 구조 비교 | B17: AI 이용권 (TAXON 4026) | G17: 기기 NFT (측정기 1대 포함)
A18: 받는 것 | B18: 이용권 NFT — AI 팩토리 콘텐츠(날씨 AI 에이전트 · 데이터셋 · 추론 API) 결제용 토큰을 매일 받음 | G18: 기기 NFT + 실내 공기질 측정기 1대(ARC-600DA)
A19: 적립 조건 | B19: NFT 보유만으로 적립(매일 00:00 UTC 스냅샷) | G19: 기기 설치 · 데이터 전송(전송률 95%↑ 전액, 80% 미만 0) · 품질 등급 0 / 1.0 / 1.2
A20: 지급 기간 · 총량 | B20: 1,095일 고정 · 장당 5,475 WLBN | G20: 단계마다 22% 감소 · 1기(28억) 안에서 · 10단계 누적 약 10,646
A21: 토큰 용도 | B21: 콘텐츠 결제(카탈로그 토큰가 3년 고정 · 쓴 토큰 소각) | G21: 데이터 공급 대가(일반 보상)
A22: 발행 · 구매 한도 | B22: 4,000장 · 계정당 100장 | G22: 1인 10장 · G4 = 25,000대 완판
A23: 출금 | B23: 24시간 보류 뒤 클레임(정본 §4-1 — 온체인 출금인지 확인 필요) | G23: DEX(G4) 전까지 포인트(정본 §1) — 10/14 AMM 화면과 확인 필요
A24: 규제 시선 | B24: 보유만으로 매일 적립 → 투자상품으로 읽힐 위험이 더 큼 | G24: 데이터 공급 대가 → 설명이 쉬움(단 설치 전 NFT 보상 · 딜러 재고분은 같은 위험)
A25: 회사 쪽 원가 | B25: 실물 원가 없음(GPU 운영비) | G25: 기기 원가 있음(케이웨더 공급)
A27: 읽는 법: 같은 돈으로 3년 동안 받는 WLBN 은 이용권이 더 많고(1달러당), 조건도 없다 — 이용권이 기기 판매를 잠식하고, 「보유 수익」으로 읽힐 위험이 크다.

Sheet 월별
A1: 월별 순누적 (적립 환산 − 구매가, USD) — 36개월
A2: 내부 검토용. 초록 = 처음 구매가를 넘긴 달. 가격은 36개월 내내 같다고 가정.
A3: 개월 | B3: 이용권 월 WLBN | C3: 이용권 누적 | D3: 기기 단계 | E3: 기기 월 WLBN | F3: 기기 누적 | G3: 이용권 참고 | H3: 이용권 A | I3: 이용권 B | J3: 이용권 C | K3: 이용권 D | L3: 기기 참고 | M3: 기기 A | N3: 기기 B | O3: 기기 C | P3: 기기 D
A4: 1 | B4: =가정!$B$8*(MIN(A4*가정!$B$4,가정!$B$9)-MIN((A4-1)*가정!$B$4,가정!$B$9)) -> 152.08333 | C4: =B4 -> 152.08333 | D4: =MIN(10,INT((A4-1)/가정!$B$18)+1) -> 1 | E4: =가정!$B$19*가정!$B$14^(D4-1)*가정!$B$4 -> 212.91667 | F4: =E4 -> 212.91667 | G4: =C4*가정!$B$22-가정!$B$7 -> -195.9603 | H4: =C4*가정!$B$23-가정!$B$7 -> -189.95833 | I4: =C4*가정!$B$24-가정!$B$7 -> -113.91667 | J4: =C4*가정!$B$25-가정!$B$7 -> -37.875 | K4: =C4*가정!$B$26-가정!$B$7 -> 38.166667 | L4: =F4*가정!$B$22-가정!$B$12 -> -356.94442 | M4: =F4*가정!$B$23-가정!$B$12 -> -348.54167 | N4: =F4*가정!$B$24-가정!$B$12 -> -242.08333 | O4: =F4*가정!$B$25-가정!$B$12 -> -135.625 | P4: =F4*가정!$B$26-가정!$B$12 -> -29.166667
A5: 2 | B5: =가정!$B$8*(MIN(A5*가정!$B$4,가정!$B$9)-MIN((A5-1)*가정!$B$4,가정!$B$9)) -> 152.08333 | C5: =C4+B5 -> 304.16667 | D5: =MIN(10,INT((A5-1)/가정!$B$18)+1) -> 1 | E5: =가정!$B$19*가정!$B$14^(D5-1)*가정!$B$4 -> 212.91667 | F5: =F4+E5 -> 425.83333 | G5: =C5*가정!$B$22-가정!$B$7 -> -125.9206 | H5: =C5*가정!$B$23-가정!$B$7 -> -113.91667 | I5: =C5*가정!$B$24-가정!$B$7 -> 38.166667 | J5: =C5*가정!$B$25-가정!$B$7 -> 190.25 | K5: =C5*가정!$B$26-가정!$B$7 -> 342.33333 | L5: =F5*가정!$B$22-가정!$B$12 -> -258.88885 | M5: =F5*가정!$B$23-가정!$B$12 -> -242.08333 | N5: =F5*가정!$B$24-가정!$B$12 -> -29.166667 | O5: =F5*가정!$B$25-가정!$B$12 -> 183.75 | P5: =F5*가정!$B$26-가정!$B$12 -> 396.66667
A6: 3 | B6: =가정!$B$8*(MIN(A6*가정!$B$4,가정!$B$9)-MIN((A6-1)*가정!$B$4,가정!$B$9)) -> 152.08333 | C6: =C5+B6 -> 456.25 | D6: =MIN(10,INT((A6-1)/가정!$B$18)+1) -> 1 | E6: =가정!$B$19*가정!$B$14^(D6-1)*가정!$B$4 -> 212.91667 | F6: =F5+E6 -> 638.75 | G6: =C6*가정!$B$22-가정!$B$7 -> -55.880906 | H6: =C6*가정!$B$23-가정!$B$7 -> -37.875 | I6: =C6*가정!$B$24-가정!$B$7 -> 190.25 | J6: =C6*가정!$B$25-가정!$B$7 -> 418.375 | K6: =C6*가정!$B$26-가정!$B$7 -> 646.5 | L6: =F6*가정!$B$22-가정!$B$12 -> -160.83327 | M6: =F6*가정!$B$23-가정!$B$12 -> -135.625 | N6: =F6*가정!$B$24-가정!$B$12 -> 183.75 | O6: =F6*가정!$B$25-가정!$B$12 -> 503.125 | P6: =F6*가정!$B$26-가정!$B$12 -> 822.5
A7: 4 | B7: =가정!$B$8*(MIN(A7*가정!$B$4,가정!$B$9)-MIN((A7-1)*가정!$B$4,가정!$B$9)) -> 152.08333 | C7: =C6+B7 -> 608.33333 | D7: =MIN(10,INT((A7-1)/가정!$B$18)+1) -> 1 | E7: =가정!$B$19*가정!$B$14^(D7-1)*가정!$B$4 -> 212.91667 | F7: =F6+E7 -> 851.66667 | G7: =C7*가정!$B$22-가정!$B$7 -> 14.158792 | H7: =C7*가정!$B$23-가정!$B$7 -> 38.166667 | I7: =C7*가정!$B$24-가정!$B$7 -> 342.33333 | J7: =C7*가정!$B$25-가정!$B$7 -> 646.5 | K7: =C7*가정!$B$26-가정!$B$7 -> 950.66667 | L7: =F7*가정!$B$22-가정!$B$12 -> -62.777692 | M7: =F7*가정!$B$23-가정!$B$12 -> -29.166667 | N7: =F7*가정!$B$24-가정!$B$12 -> 396.66667 | O7: =F7*가정!$B$25-가정!$B$12 -> 822.5 | P7: =F7*가정!$B$26-가정!$B$12 -> 1248.3333
A8: 5 | B8: =가정!$B$8*(MIN(A8*가정!$B$4,가정!$B$9)-MIN((A8-1)*가정!$B$4,가정!$B$9)) -> 152.08333 | C8: =C7+B8 -> 760.41667 | D8: =MIN(10,INT((A8-1)/가정!$B$18)+1) -> 1 | E8: =가정!$B$19*가정!$B$14^(D8-1)*가정!$B$4 -> 212.91667 | F8: =F7+E8 -> 1064.5833 | G8: =C8*가정!$B$22-가정!$B$7 -> 84.19849 | H8: =C8*가정!$B$23-가정!$B$7 -> 114.20833 | I8: =C8*가정!$B$24-가정!$B$7 -> 494.41667 | J8: =C8*가정!$B$25-가정!$B$7 -> 874.625 | K8: =C8*가정!$B$26-가정!$B$7 -> 1254.8333 | L8: =F8*가정!$B$22-가정!$B$12 -> 35.277885 | M8: =F8*가정!$B$23-가정!$B$12 -> 77.291667 | N8: =F8*가정!$B$24-가정!$B$12 -> 609.58333 | O8: =F8*가정!$B$25-가정!$B$12 -> 1141.875 | P8: =F8*가정!$B$26-가정!$B$12 -> 1674.1667
A9: 6 | B9: =가정!$B$8*(MIN(A9*가정!$B$4,가정!$B$9)-MIN((A9-1)*가정!$B$4,가정!$B$9)) -> 152.08333 | C9: =C8+B9 -> 912.5 | D9: =MIN(10,INT((A9-1)/가정!$B$18)+1) -> 1 | E9: =가정!$B$19*가정!$B$14^(D9-1)*가정!$B$4 -> 212.91667 | F9: =F8+E9 -> 1277.5 | G9: =C9*가정!$B$22-가정!$B$7 -> 154.23819 | H9: =C9*가정!$B$23-가정!$B$7 -> 190.25 | I9: =C9*가정!$B$24-가정!$B$7 -> 646.5 | J9: =C9*가정!$B$25-가정!$B$7 -> 1102.75 | K9: =C9*가정!$B$26-가정!$B$7 -> 1559 | L9: =F9*가정!$B$22-가정!$B$12 -> 133.33346 | M9: =F9*가정!$B$23-가정!$B$12 -> 183.75 | N9: =F9*가정!$B$24-가정!$B$12 -> 822.5 | O9: =F9*가정!$B$25-가정!$B$12 -> 1461.25 | P9: =F9*가정!$B$26-가정!$B$12 -> 2100
A10: 7 | B10: =가정!$B$8*(MIN(A10*가정!$B$4,가정!$B$9)-MIN((A10-1)*가정!$B$4,가정!$B$9)) -> 152.08333 | C10: =C9+B10 -> 1064.5833 | D10: =MIN(10,INT((A10-1)/가정!$B$18)+1) -> 1 | E10: =가정!$B$19*가정!$B$14^(D10-1)*가정!$B$4 -> 212.91667 | F10: =F9+E10 -> 1490.4167 | G10: =C10*가정!$B$22-가정!$B$7 -> 224.27789 | H10: =C10*가정!$B$23-가정!$B$7 -> 266.29167 | I10: =C10*가정!$B$24-가정!$B$7 -> 798.58333 | J10: =C10*가정!$B$25-가정!$B$7 -> 1330.875 | K10: =C10*가정!$B$26-가정!$B$7 -> 1863.1667 | L10: =F10*가정!$B$22-가정!$B$12 -> 231.38904 | M10: =F10*가정!$B$23-가정!$B$12 -> 290.20833 | N10: =F10*가정!$B$24-가정!$B$12 -> 1035.4167 | O10: =F10*가정!$B$25-가정!$B$12 -> 1780.625 | P10: =F10*가정!$B$26-가정!$B$12 -> 2525.8333
A11: 8 | B11: =가정!$B$8*(MIN(A11*가정!$B$4,가정!$B$9)-MIN((A11-1)*가정!$B$4,가정!$B$9)) -> 152.08333 | C11: =C10+B11 -> 1216.6667 | D11: =MIN(10,INT((A11-1)/가정!$B$18)+1) -> 1 | E11: =가정!$B$19*가정!$B$14^(D11-1)*가정!$B$4 -> 212.91667 | F11: =F10+E11 -> 1703.3333 | G11: =C11*가정!$B$22-가정!$B$7 -> 294.31758 | H11: =C11*가정!$B$23-가정!$B$7 -> 342.33333 | I11: =C11*가정!$B$24-가정!$B$7 -> 950.66667 | J11: =C11*가정!$B$25-가정!$B$7 -> 1559 | K11: =C11*가정!$B$26-가정!$B$7 -> 2167.3333 | L11: =F11*가정!$B$22-가정!$B$12 -> 329.44462 | M11: =F11*가정!$B$23-가정!$B$12 -> 396.66667 | N11: =F11*가정!$B$24-가정!$B$12 -> 1248.3333 | O11: =F11*가정!$B$25-가정!$B$12 -> 2100 | P11: =F11*가정!$B$26-가정!$B$12 -> 2951.6667
A12: 9 | B12: =가정!$B$8*(MIN(A12*가정!$B$4,가정!$B$9)-MIN((A12-1)*가정!$B$4,가정!$B$9)) -> 152.08333 | C12: =C11+B12 -> 1368.75 | D12: =MIN(10,INT((A12-1)/가정!$B$18)+1) -> 1 | E12: =가정!$B$19*가정!$B$14^(D12-1)*가정!$B$4 -> 212.91667 | F12: =F11+E12 -> 1916.25 | G12: =C12*가정!$B$22-가정!$B$7 -> 364.35728 | H12: =C12*가정!$B$23-가정!$B$7 -> 418.375 | I12: =C12*가정!$B$24-가정!$B$7 -> 1102.75 | J12: =C12*가정!$B$25-가정!$B$7 -> 1787.125 | K12: =C12*가정!$B$26-가정!$B$7 -> 2471.5 | L12: =F12*가정!$B$22-가정!$B$12 -> 427.50019 | M12: =F12*가정!$B$23-가정!$B$12 -> 503.125 | N12: =F12*가정!$B$24-가정!$B$12 -> 1461.25 | O12: =F12*가정!$B$25-가정!$B$12 -> 2419.375 | P12: =F12*가정!$B$26-가정!$B$12 -> 3377.5
A13: 10 | B13: =가정!$B$8*(MIN(A13*가정!$B$4,가정!$B$9)-MIN((A13-1)*가정!$B$4,가정!$B$9)) -> 152.08333 | C13: =C12+B13 -> 1520.8333 | D13: =MIN(10,INT((A13-1)/가정!$B$18)+1) -> 1 | E13: =가정!$B$19*가정!$B$14^(D13-1)*가정!$B$4 -> 212.91667 | F13: =F12+E13 -> 2129.1667 | G13: =C13*가정!$B$22-가정!$B$7 -> 434.39698 | H13: =C13*가정!$B$23-가정!$B$7 -> 494.41667 | I13: =C13*가정!$B$24-가정!$B$7 -> 1254.8333 | J13: =C13*가정!$B$25-가정!$B$7 -> 2015.25 | K13: =C13*가정!$B$26-가정!$B$7 -> 2775.6667 | L13: =F13*가정!$B$22-가정!$B$12 -> 525.55577 | M13: =F13*가정!$B$23-가정!$B$12 -> 609.58333 | N13: =F13*가정!$B$24-가정!$B$12 -> 1674.1667 | O13: =F13*가정!$B$25-가정!$B$12 -> 2738.75 | P13: =F13*가정!$B$26-가정!$B$12 -> 3803.3333
A14: 11 | B14: =가정!$B$8*(MIN(A14*가정!$B$4,가정!$B$9)-MIN((A14-1)*가정!$B$4,가정!$B$9)) -> 152.08333 | C14: =C13+B14 -> 1672.9167 | D14: =MIN(10,INT((A14-1)/가정!$B$18)+1) -> 1 | E14: =가정!$B$19*가정!$B$14^(D14-1)*가정!$B$4 -> 212.91667 | F14: =F13+E14 -> 2342.0833 | G14: =C14*가정!$B$22-가정!$B$7 -> 504.43668 | H14: =C14*가정!$B$23-가정!$B$7 -> 570.45833 | I14: =C14*가정!$B$24-가정!$B$7 -> 1406.9167 | J14: =C14*가정!$B$25-가정!$B$7 -> 2243.375 | K14: =C14*가정!$B$26-가정!$B$7 -> 3079.8333 | L14: =F14*가정!$B$22-가정!$B$12 -> 623.61135 | M14: =F14*가정!$B$23-가정!$B$12 -> 716.04167 | N14: =F14*가정!$B$24-가정!$B$12 -> 1887.0833 | O14: =F14*가정!$B$25-가정!$B$12 -> 3058.125 | P14: =F14*가정!$B$26-가정!$B$12 -> 4229.1667
A15: 12 | B15: =가정!$B$8*(MIN(A15*가정!$B$4,가정!$B$9)-MIN((A15-1)*가정!$B$4,가정!$B$9)) -> 152.08333 | C15: =C14+B15 -> 1825 | D15: =MIN(10,INT((A15-1)/가정!$B$18)+1) -> 1 | E15: =가정!$B$19*가정!$B$14^(D15-1)*가정!$B$4 -> 212.91667 | F15: =F14+E15 -> 2555 | G15: =C15*가정!$B$22-가정!$B$7 -> 574.47637 | H15: =C15*가정!$B$23-가정!$B$7 -> 646.5 | I15: =C15*가정!$B$24-가정!$B$7 -> 1559 | J15: =C15*가정!$B$25-가정!$B$7 -> 2471.5 | K15: =C15*가정!$B$26-가정!$B$7 -> 3384 | L15: =F15*가정!$B$22-가정!$B$12 -> 721.66692 | M15: =F15*가정!$B$23-가정!$B$12 -> 822.5 | N15: =F15*가정!$B$24-가정!$B$12 -> 2100 | O15: =F15*가정!$B$25-가정!$B$12 -> 3377.5 | P15: =F15*가정!$B$26-가정!$B$12 -> 4655
A16: 13 | B16: =가정!$B$8*(MIN(A16*가정!$B$4,가정!$B$9)-MIN((A16-1)*가정!$B$4,가정!$B$9)) -> 152.08333 | C16: =C15+B16 -> 1977.0833 | D16: =MIN(10,INT((A16-1)/가정!$B$18)+1) -> 2 | E16: =가정!$B$19*가정!$B$14^(D16-1)*가정!$B$4 -> 166.075 | F16: =F15+E16 -> 2721.075 | G16: =C16*가정!$B$22-가정!$B$7 -> 644.51607 | H16: =C16*가정!$B$23-가정!$B$7 -> 722.54167 | I16: =C16*가정!$B$24-가정!$B$7 -> 1711.0833 | J16: =C16*가정!$B$25-가정!$B$7 -> 2699.625 | K16: =C16*가정!$B$26-가정!$B$7 -> 3688.1667 | L16: =F16*가정!$B$22-가정!$B$12 -> 798.15028 | M16: =F16*가정!$B$23-가정!$B$12 -> 905.5375 | N16: =F16*가정!$B$24-가정!$B$12 -> 2266.075 | O16: =F16*가정!$B$25-가정!$B$12 -> 3626.6125 | P16: =F16*가정!$B$26-가정!$B$12 -> 4987.15
... A39: 36 | B39: =가정!$B$8*(MIN(A39*가정!$B$4,가정!$B$9)-MIN((A39-1)*가정!$B$4,가정!$B$9)) -> 152.08333 | C39: =C38+B39 -> 5475 | D39: =MIN(10,INT((A39-1)/가정!$B$18)+1) -> 3 | E39: =가정!$B$19*가정!$B$14^(D39-1)*가정!$B$4 -> 129.5385 | F39: =F38+E39 -> 6102.362 | G39: =C39*가정!$B$22-가정!$B$7 -> 2255.4291 | H39: =C39*가정!$B$23-가정!$B$7 -> 2471.5 | I39: =C39*가정!$B$24-가정!$B$7 -> 5209 | J39: =C39*가정!$B$25-가정!$B$7 -> 7946.5 | K39: =C39*가정!$B$26-가정!$B$7 -> 10684 | L39: =F39*가정!$B$22-가정!$B$12 -> 2355.3513 | M39: =F39*가정!$B$23-가정!$B$12 -> 2596.181 | N39: =F39*가정!$B$24-가정!$B$12 -> 5647.362 | O39: =F39*가정!$B$25-가정!$B$12 -> 8698.543 | P39: =F39*가정!$B$26-가정!$B$12 -> 11749.724
